index,url,valid,domain,title,description,image,published,archive,content,quote,language,keyword
https://www.morgenpost.de/politik/article239699389/afghanistan-taliban-flucht-betrug-angst-familie.html,https://www.morgenpost.de/politik/article239699389/afghanistan-taliban-flucht-betrug-angst-familie.html,0,www.morgenpost.de,Flucht aus Afghanistan: Die Angst vor den Taliban trieb Khaleqs Familie in den Ruin,"Angst vor den Taliban, dazu die große Not: Jeden Tag wollen Tausende Afghanen ihr Land verlassen. Für Betrüger sind sie leichte Opfer.",https://img.morgenpost.de/img/politik/crop239699383/2192605103-w820-cv16_9-q85/acd3c782-5edc-11ee-9135-fa51a2cebb14.jpg,2023-10-01T06:07:39Z,https://web.archive.org/web/20231002045928/https://www.morgenpost.de/politik/article239699389/afghanistan-taliban-flucht-betrug-angst-familie.html,"Kabul. Khaleq wirkt nervös und angespannt, als er über das spricht, was ihm vor rund einem Jahr widerfahren ist. Dass er Scham fühlt und auch Reue, kann er kaum verbergen. Damals erhielt der ehemalig… [+7544 chars]",,de,'Flucht'
https://www.stern.de/gesellschaft/regional/niedersachsen-bremen/festnahme--mann-ueberfaellt-tankstelle--wird-festgenommen-33875096.html,https://www.stern.de/gesellschaft/regional/niedersachsen-bremen/festnahme--mann-ueberfaellt-tankstelle--wird-festgenommen-33875096.html,0,www.stern.de,Festnahme: Mann überfällt Tankstelle: Wird festgenommen,"In Kirchdorf (Landkreis Diepholz) hat die Polizei einen 22-Jährigen festgenommen, der mutmaßlich zuvor eine Tankstelle überfallen hatte. Zeugen hatten den Tatverdächtigen auf seiner Flucht am Samstagabend verfolgt, wie die Polizei am Sonntag mitteilte. Der 22…",https://image.stern.de/33875098/t/z1/v1/w1440/r1.7778/-/01--urnnewsmldpacom2009010123100199399046v1w800h600l1124t222r3768b3304jpeg---34d3993afcc722d2.jpg,2023-10-01T06:56:10Z,,"In Kirchdorf (Landkreis Diepholz) hat die Polizei einen 22-Jährigen festgenommen, der mutmaßlich zuvor eine Tankstelle überfallen hatte. Zeugen hatten den Tatverdächtigen auf seiner Flucht am Samstag… [+1012 chars]",,de,'Flucht'
https://www.zeit.de/news/2023-10/01/explosion-in-ankara-innenministerium-spricht-von-bombenanschlag,https://www.zeit.de/news/2023-10/01/explosion-in-ankara-innenministerium-spricht-von-bombenanschlag,0,www.zeit.de,Explosionen: Explosion in Ankara - Innenministerium spricht von Bombenanschlag,,,2023-10-01T07:29:00Z,,"When browsing with ads:
We collect personal data and also transmit it to third-party providers
 that help us improve and finance our digital content. Some of the information stored on your device, … [+821 chars]",,de,'Explosion'
https://www.faz.net/aktuell/politik/ausland/ankara-explosion-nahe-parlament-regierung-spricht-von-terroranschlag-19213403.html,https://www.faz.net/aktuell/politik/ausland/ankara-explosion-nahe-parlament-regierung-spricht-von-terroranschlag-19213403.html,0,www.faz.net,Ankara: Explosion nahe Parlament – Regierung spricht von „Terroranschlag“,Vor dem Innenministerium in der türkischen Hauptstadt Ankara hat es nach offiziellen Angaben einen Selbstmordanschlag gegeben. Es seien zwei Polizisten leicht verletzt worden. Über die Täter gibt es bislang keine weiteren Angaben.,https://www.faz.net/img/faznet_logo_facebook_share.jpg?fb=1,2023-10-01T07:30:25Z,,Vor dem Innenministerium in der türkischen Hauptstadt Ankara hat es nach offiziellen Angaben einen Selbstmordanschlag gegeben. Es seien zwei Polizisten leicht verletzt worden. Über die Täter gibt es … [+816 chars],,de,'Explosion'
https://www.tagesschau.de/ausland/europa/explosion-ankara-100.html,https://www.tagesschau.de/ausland/europa/explosion-ankara-100.html,0,www.tagesschau.de,Explosion nahe Parlament in Ankara - Innenminister spricht von Anschlag,In der Nähe des Parlamentsgebäudes in der türkischen Hauptstadt Ankara hat es Medienberichten zufolge eine laute Explosion gegeben. Das türkische Innenministerium spricht von einem Anschlag. Die Angreifer seien tot.,https://images.tagesschau.de/image/11fe2e17-b2fa-42ca-92d6-91fe2b028f66/AAABiuo1uI0/AAABibBxqrQ/16x9-1280/explosion-ankara-102.jpg,2023-10-01T07:48:43Z,,"Stand: 01.10.2023 09:48 Uhr
In der Nähe des Parlamentsgebäudes in der türkischen Hauptstadt Ankara hat es Medienberichten zufolge eine laute Explosion gegeben. Das türkische Innenministerium spricht… [+819 chars]",,de,'Explosion'
https://www.dw.com/de/explosion-vor-t%C3%BCrkischem-innenministerium-in-ankara/a-66973874,https://www.dw.com/de/explosion-vor-t%C3%BCrkischem-innenministerium-in-ankara/a-66973874,0,www.dw.com,Explosion vor türkischem Innenministerium in Ankara,"Das türkische Innenministerium spricht von einem ""Terroranschlag"". Zwei ""Terroristen"" hätten sich in einem kleinen Transporter dem Ministerium genähert und dort einen Sprengstoffanschlag verübt.",https://static.dw.com/image/66974249_6.jpg,2023-10-01T07:59:00Z,,"Der türkische Innenminister Ali Yerlikaya schrieb auf der Plattform X von einem Bombenanschlag nahe des Ministeriums. An dem Anschlag seien zwei ""Terroristen"" beteiligt gewesen. Einer habe sich in di… [+3242 chars]",,de,'Explosion'
https://orf.at/stories/3333112/,https://orf.at/stories/3333112/,0,orf.at,Innenministerium meldet Terroranschlag,Eine Explosion hat heute Früh die türkische Hauptstadt Ankara in der Nähe des Parlaments erschüttert. Zwei Terroristen hätten sich gegen 9.30 Uhr Ortszeit (8.30 Uhr MESZ) in einem Lieferwagen dem Eingang des Innenministeriums genähert und dort einen Sprengsto…,https://ibs.orf.at/news?image=https%3A%2F%2Fassets.orf.at%2Fmims%2F2023%2F40%2F85%2Fcrops%2Fw%3D1200%2Ch%3D630%2Cq%3D75%2F1957671_master_736485_tuerkei_bomben_explosion_parlament_r.jpg%3Fs%3D91dafc940fc4894dd0a8da827f616701a960cab4,2023-10-01T08:19:38Z,https://web.archive.org/web/20231001124706/https://orf.at/stories/3333112/,"Der Angriff habe sich an der Eingangstür zum Innenministerium im Zentrum der türkischen Hauptstadt ereignet, sagte der türkische Innenminister Ali Yerlikaya. Das Zentrum wurde weiträumig abgesperrt. … [+880 chars]",,de,'Explosion'
https://www.welt.de/politik/ausland/video247759978/Explosion-und-Schuesse-in-Ankara-Terrorist-sprengt-sich-am-Innenministerium-in-die-Luft.html,https://www.welt.de/politik/ausland/video247759978/Explosion-und-Schuesse-in-Ankara-Terrorist-sprengt-sich-am-Innenministerium-in-die-Luft.html,0,www.welt.de,Terrorist sprengt sich am Innenministerium in die Luft,"In der türkischen Hauptstadt Ankara hat es am Gebäude des Innenministeriums eine Explosion und einen Schusswechsel gegeben. Zwei „Terroristen“ hätten sich dem Gebäude mit einem Nutzfahrzeug genähert. Einer sei „neutralisiert“ worden, der andere habe sich in d…",https://img.welt.de/img/politik/deutschland/mobile247759872/1321353277-ci16x9-w1200/428204164-jpg.jpg,2023-10-01T08:34:00Z,https://web.archive.org/web/20231001221631/https://www.welt.de/politik/ausland/video247759978/Explosion-und-Schuesse-in-Ankara-Terrorist-sprengt-sich-am-Innenministerium-in-die-Luft.html,"Die WELT als ePaper: Die vollständige Ausgabe steht Ihnen bereits am Vorabend zur Verfügung so sind Sie immer hochaktuell informiert. Weitere Informationen: http://epaper.welt.de 
 Der Kurz-Link die… [+49 chars]",,de,'Explosion'
https://taz.de/-Nachrichten-im-Ukraine-Krieg-/!5964208/,https://taz.de/-Nachrichten-im-Ukraine-Krieg-/!5964208/,0,taz.de,+++ Nachrichten im Ukraine-Krieg +++: US-Hilfen für die Ukraine in Gefahr?,"Zwar wurde der US-Shutdown abgewendet, doch der Übergangshaushalt beinhaltet keine Ukraine-Hilfe. An einer ukrainischen Pipeline ist ein Feuer ausgebrochen.",https://taz.de/picture/6560473/948/33725033-1.jpeg,2023-10-01T08:41:00Z,https://web.archive.org/web/20231002014302/https://taz.de/-Nachrichten-im-Ukraine-Krieg-/!5964208/,"Zwar wurde der US-Shutdown abgewendet, doch der Übergangshaushalt beinhaltet keine Ukraine-Hilfe. An einer ukrainischen Pipeline ist ein Feuer ausgebrochen.
Des weiße Haus ist am Abend des 30. Septe… [+6762 chars]",,de,'Explosion'
https://www.bild.de/video/clip/news-ausland/anschlag-in-ankara-explosion-erschuettert-regierungsviertel-85595492.bild.html,https://www.bild.de/video/clip/news-ausland/anschlag-in-ankara-explosion-erschuettert-regierungsviertel-85595492.bild.html,0,www.bild.de,Anschlag in Ankara - Explosion erschüttert Regierungsviertel,"Die Trümmer eines Kleintransporters mitten im Regierungsviertel der türkischen Hauptstadt: Die Scheiben zerstört, schwer bewaffnete Polizisten sperren di...","https://images.bild.de/65192ef93814737b43526b6e/235f60456ec1633f18eb0682f65a4b50-landscape,ba2d923a?w=1280",2023-10-01T08:41:39Z,https://web.archive.org/web/20231001205249/https://www.bild.de/video/clip/news-ausland/anschlag-in-ankara-explosion-erschuettert-regierungsviertel-85595492.bild.html,"Mehr zum Video anzeigen
Die Trümmer eines Kleintransporters mitten im Regierungsviertel der türkischen Hauptstadt: Die Scheiben zerstört, schwer bewaffnete Polizisten sperren die Straße ab. Eine Exp… [+195 chars]",,de,'Explosion'
https://www.bild.de/politik/ausland/politik-ausland/kosovo-und-serbien-nato-alarmiert-zettelt-putin-schon-den-naechsten-krieg-an-85594714.bild.html,https://www.bild.de/politik/ausland/politik-ausland/kosovo-und-serbien-nato-alarmiert-zettelt-putin-schon-den-naechsten-krieg-an-85594714.bild.html,0,www.bild.de,Truppenaufmarsch am Kosovo - Zettelt Putin den nächsten Balkan-Krieg an?,An der Grenze zum Kosovo hat Serbien massiv Truppen zusammen gezogen.Foto: ANDREJ ISAKOVIC/AFP,"https://images.bild.de/651916e13e5d924b6de576aa/096288f249842ebab2274591fddf7675,fc130b87?w=1280",2023-10-01T08:58:54Z,,"Seit Februar 2022 ist für Wladimir Putin (70) die Invasion der Ukraine DAS Thema. Jetzt hat der Kreml-Tyrann ein weiteres Schlachtfeld gefunden, auf dem er mitspielen möchte.
An der Grenze zum Kosov… [+3334 chars]",,de,'Flucht'
https://www.n-tv.de/politik/Anschlag-auf-Ministerium-in-Ankara-article24435092.html,https://www.n-tv.de/politik/Anschlag-auf-Ministerium-in-Ankara-article24435092.html,0,www.n-tv.de,Schusswechsel mit Polizei: Explosion in Ankara - Ministerium spricht von Bombenanschlag,In der türkischen Hauptstadt Ankara gibt es am Morgen eine Explosion. Das Innenministerium spricht von einem Bombenanschlag. Beide Angreifer kommen ums Leben. Der Vorfall ereignete sich Stunden vor Beginn der neuen Sitzungsperiode des Parlaments,https://bilder3.n-tv.de/img/incoming/crop24435150/0481327192-cImg_16_9-w1200/2023-10-01T074943Z-1399240955-RC2JJ3ACODN6-RTRMADP-3-TURKEY-BLAST-ANKARA.jpg,2023-10-01T09:25:00Z,https://web.archive.org/web/20231004014404/https://www.n-tv.de/politik/Anschlag-auf-Ministerium-in-Ankara-article24435092.html,In der türkischen Hauptstadt Ankara gibt es am Morgen eine Explosion. Das Innenministerium spricht von einem Bombenanschlag. Beide Angreifer kommen ums Leben. Der Vorfall ereignete sich Stunden vor B… [+2975 chars],,de,'Explosion'
https://www.welt.de/politik/ausland/video247761312/Terror-in-Ankara-Ein-Angreifer-hat-sich-in-die-Luft-gesprengt-der-andere-mit-dem-Maschinengewehr-das-Feuer-eroeffnet.html,https://www.welt.de/politik/ausland/video247761312/Terror-in-Ankara-Ein-Angreifer-hat-sich-in-die-Luft-gesprengt-der-andere-mit-dem-Maschinengewehr-das-Feuer-eroeffnet.html,0,www.welt.de,"„Ein Angreifer hat sich in die Luft gesprengt, der andere mit dem Maschinengewehr das Feuer eröffnet“","In der türkischen Hauptstadt Ankara hat es im Regierungsviertel eine Explosion und einen Schusswechsel gegeben. Türkischen Medien dürfen nicht über den Vorfall berichten. Angeblich wurde auch ein Raketenwerfer russischer Bauart gefunden, berichtet Christian F…",https://img.welt.de/img/incoming/mobile247760908/3311354097-ci16x9-w1200/428204122-jpg.jpg,2023-10-01T09:36:16Z,https://web.archive.org/web/20231001100508/https://www.welt.de/politik/ausland/video247761312/Terror-in-Ankara-Ein-Angreifer-hat-sich-in-die-Luft-gesprengt-der-andere-mit-dem-Maschinengewehr-das-Feuer-eroeffnet.html,"Die WELT als ePaper: Die vollständige Ausgabe steht Ihnen bereits am Vorabend zur Verfügung so sind Sie immer hochaktuell informiert. Weitere Informationen: http://epaper.welt.de 
 Der Kurz-Link die… [+49 chars]",,de,'Explosion'
https://www.welt.de/politik/ausland/article247758154/Ukraine-News-Russland-meldet-Abschuss-von-Raketen-ueber-der-Krim.html,https://www.welt.de/politik/ausland/article247758154/Ukraine-News-Russland-meldet-Abschuss-von-Raketen-ueber-der-Krim.html,0,www.welt.de,Russland meldet Abschuss von Raketen über der Krim,Russland will zwei ukrainische Raketen über der Krim abgefangen haben. Trümmer hätten Lagergebäude im Landkreis Dschankoj beschädigt. Auch in anderen Gebieten sind nach russischen Angaben ukrainische Angriffe erfolgt. Mehr im Liveticker.,https://img.welt.de/img/politik/ausland/mobile247690110/6611358357-ci16x9-w1200/Ukraine-Krieg-Sewastopol.jpg,2023-10-01T10:40:00Z,https://web.archive.org/web/20231001120636/https://www.welt.de/politik/ausland/article247758154/Ukraine-News-Russland-meldet-Abschuss-von-Raketen-ueber-der-Krim.html,Das russische Militär hat nach eigenen Angaben zwei ukrainische Raketen über der Halbinsel Krim abgefangen. Die Trümmer der abgeschossenen ukrainischen Raketen sind auf das Gebiet des Landkreises Dsc… [+6980 chars],,de,'Russland'
https://www.welt.de/politik/ausland/article247758154/Ukraine-News-Vorstoss-Grossbritannien-mit-eigenen-Soldaten-und-mehr-Dingen-fuer-Ukraine.html,https://www.welt.de/politik/ausland/article247758154/Ukraine-News-Vorstoss-Grossbritannien-mit-eigenen-Soldaten-und-mehr-Dingen-fuer-Ukraine.html,0,www.welt.de,Großbritannien stellt eigene Soldaten für Ukraine und „mehr Dinge“ in Aussicht,Die Nato steht vor einer erneuten Kehrtwende: Großbritanniens Verteidigungsminister führt derzeit Gespräche über eine Verlegung von Ausbildungsmissionen in die Ukraine. Für Russlands Ex-Präsidenten Medwedew wären britische Soldaten legitime Angriffsziele. Meh…,https://img.welt.de/img/politik/ausland/mobile247758156/0041358747-ci16x9-w1200/Russian-invasion-of-Ukraine.jpg,2023-10-01T10:40:00Z,,"Großbritanniens Verteidigungsminister Grand Shapps hat in Aussicht gestellt, dass britische Soldaten erstmals auch in der Ukraine eingesetzt werden könnten. Im Interview mit der Zeitung The Telegraph… [+5712 chars]",,de,'Russland'
https://www.zeit.de/news/2023-10/01/autofahrer-nach-flucht-bei-unfall-schwer-verletzt,https://www.zeit.de/news/2023-10/01/autofahrer-nach-flucht-bei-unfall-schwer-verletzt,0,www.zeit.de,Verkehrsunfall: Autofahrer nach Flucht bei Unfall schwer verletzt,,,2023-10-01T11:01:48Z,,"When browsing with ads:
We collect personal data and also transmit it to third-party providers
 that help us improve and finance our digital content. Some of the information stored on your device, … [+821 chars]",,de,'Flucht'
https://www.stern.de/gesellschaft/regional/bayern/verkehrsunfall--autofahrer-nach-flucht-bei-unfall-schwer-verletzt-33875720.html,https://www.stern.de/gesellschaft/regional/bayern/verkehrsunfall--autofahrer-nach-flucht-bei-unfall-schwer-verletzt-33875720.html,0,www.stern.de,Verkehrsunfall: Autofahrer nach Flucht bei Unfall schwer verletzt,"Ein 29-jähriger Autofahrer ist auf der Flucht vor einer Polizeikontrolle in der Nacht auf Sonntag in München in vier geparkte Autos gerast. ""Diese wurden teilweise auf den Gehweg und in eine Mauer geschoben"", teilte die Polizei mit. Der 29-Jährige verletzte s…",https://image.stern.de/33875722/t/5h/v1/w1440/r1.7778/-/01--urnnewsmldpacom2009010123100199401622v3w800h600l683t425r1594b1196jpeg---371fa7e174934e2f.jpg,2023-10-01T11:01:48Z,,"Ein 29-jähriger Autofahrer ist auf der Flucht vor einer Polizeikontrolle in der Nacht auf Sonntag in München in vier geparkte Autos gerast. ""Diese wurden teilweise auf den Gehweg und in eine Mauer ge… [+1539 chars]",,de,'Flucht'
https://www.welt.de/politik/ausland/article247759564/Tuerkei-Erdogan-nennt-Bombenanschlag-in-Ankara-letztes-Zucken-des-Terrors.html,https://www.welt.de/politik/ausland/article247759564/Tuerkei-Erdogan-nennt-Bombenanschlag-in-Ankara-letztes-Zucken-des-Terrors.html,0,www.welt.de,Erdogan nennt Bombenanschlag in Ankara „letztes Zucken des Terrors“,"Im Regierungsviertel der türkischen Hauptstadt Ankara ist es zu einer Explosion gekommen. Das Innenministerium bestätigt einen Bombenanschlag durch zwei „Terroristen“. Über die Hintergründe der Täter ist bislang nichts bekannt, außerdem wurde eine Nachrichten…",https://img.welt.de/img/politik/ausland/mobile247760074/5711356327-ci16x9-w1200/TURKEY-BLAST-ANKARA.jpg,2023-10-01T11:27:00Z,https://web.archive.org/web/20231001130813/https://www.welt.de/politik/ausland/article247759564/Tuerkei-Erdogan-nennt-Bombenanschlag-in-Ankara-letztes-Zucken-des-Terrors.html,Die türkische Hauptstadt Ankara ist am Sonntagmorgen nach Angaben des Innenministeriums von einem Terroranschlag erschüttert worden. Zwei Täter hätten sich gegen 9.30 Uhr Ortszeit in einem Lieferwage… [+3012 chars],,de,'Explosion'
https://www.welt.de/politik/ausland/article247758154/Ukraine-News-Ukrainischer-Drohnenangriff-auf-russischen-Flughafen-Sotschi.html,https://www.welt.de/politik/ausland/article247758154/Ukraine-News-Ukrainischer-Drohnenangriff-auf-russischen-Flughafen-Sotschi.html,0,www.welt.de,Ukrainischer Drohnenangriff auf russischen Flughafen Sotschi,Inoffiziellen Angaben zufolge hat die Ukraine den wichtigen russischen Flughafen Sotschi am Schwarzen Meer angegriffen. Von dem Badeort aus führt Wladimir Putin oft seine Amtsgeschäfte. Mehr im Liveticker.,https://img.welt.de/img/wirtschaft/mobile238474903/1491352537-ci16x9-w1200/Foreign-flight-hub-launched-at-Sochi-International-Airport.jpg,2023-10-01T11:50:00Z,,"Die Ukraine hat nach inoffiziellen Angaben den wichtigen russischen Flughafen Sotschi am Schwarzen Meer mit Kampfdrohnen angegriffen. Ziel sei ein Abstellplatz für Hubschrauber gewesen, berichteten u… [+6967 chars]",,de,'Putin'
https://orf.at/stories/3333143/,https://orf.at/stories/3333143/,0,orf.at,Russland meldet Abschuss von Raketen über Krim,,https://orf.at/mojo/1_4_1/storyserver//news/common/images/og-fallback-news.png,2023-10-01T11:52:36Z,,Das russische Militär hat nach eigenen Angaben zwei ukrainische Raketen über der Halbinsel Krim abgefangen. Die Trümmer der abgeschossenen ukrainischen Raketen sind auf das Gebiet des Landkreises Dsc… [+970 chars],,de,'Explosion'
https://www.bild.de/sport/fussball/borussia-moenchengladbach/borussia-moenchengladbach-alassane-plea-mit-tor-explosion-85598724.bild.html,https://www.bild.de/sport/fussball/borussia-moenchengladbach/borussia-moenchengladbach-alassane-plea-mit-tor-explosion-85598724.bild.html,0,www.bild.de,Das war überfällig! - Plea-Explosion nach 1331 Minuten!,Das 3:1 in Bochum ein doppelter Befreiungsschlag: Für Gladbach – und für Alassane Plea!Foto: Borussia Moenchengladbach via Getty Images,"https://images.bild.de/651951e43e5d924b6de57739/1e608c7a3dfbbf846eed6cc7bc5d2ff6,3856d08e?w=1280",2023-10-01T12:16:16Z,,"Das war ein doppelter Befreiungsschlag!
Gladbach fuhr durch das 3:1 in Bochum am 6. 
Bundesliga-Spieltag endlich den ersten Saisonsieg ein. Und Alassane Plea (30) beendete endlich seine 11 Monate a… [+1735 chars]",,de,'Explosion'
https://www.stern.de/politik/ausland/ankara--anschlag-in-tuerkei--minister-spricht-von--terroristen---33875198.html,https://www.stern.de/politik/ausland/ankara--anschlag-in-tuerkei--minister-spricht-von--terroristen---33875198.html,0,www.stern.de,"Ankara: Anschlag in Türkei: Minister spricht von ""Terroristen""",Nach der Sommerpause sollte heute in Ankara der politische Betrieb wieder aufgenommen worden. Doch am Morgen erschüttert eine Explosion vor dem Innenministerium die türkische Hauptstadt.,https://image.stern.de/33875794/t/01/v2/w1440/r1.7778/-/01--urnnewsmldpacom2009010123100199400895v2w800h600l1299t626r3682b2218jpeg---ad1173110d7c6b3f.jpg,2023-10-01T12:30:57Z,,"Nach der Sommerpause sollte heute in Ankara der politische Betrieb wieder aufgenommen worden. Doch am Morgen erschüttert eine Explosion vor dem Innenministerium die türkische Hauptstadt.
Bei einem A… [+2400 chars]",,de,'Explosion'
https://www.welt.de/politik/ausland/video247762226/Bombenanschlag-in-der-Tuerkei-Dieses-Video-soll-Moment-der-Explosion-in-Ankara-zeigen.html,https://www.welt.de/politik/ausland/video247762226/Bombenanschlag-in-der-Tuerkei-Dieses-Video-soll-Moment-der-Explosion-in-Ankara-zeigen.html,0,www.welt.de,Terrorist sprengt sich am Innenministerium in Ankara in die Luft,"Es ist 9:30 Uhr, als sich zwei Männer in einem Lieferwagen dem Innenministerium in der türkischen Hauptstadt Ankara nähern – und kurz darauf einen Sprengsatz zünden. Videos sollen die Explosion zeigen, auch Schüsse sind darin zu hören.",https://img.welt.de/img/videos/mobile247764596/4201356237-ci16x9-w1200/Bildschirmfoto-2023-10-01-um-14-45-48-png.jpg,2023-10-01T13:20:51Z,,"Die WELT als ePaper: Die vollständige Ausgabe steht Ihnen bereits am Vorabend zur Verfügung so sind Sie immer hochaktuell informiert. Weitere Informationen: http://epaper.welt.de 
 Der Kurz-Link die… [+49 chars]",,de,'Explosion'
https://www.sueddeutsche.de/politik/armenien-bergkarabach-fluechtlinge-1.6266105,https://www.sueddeutsche.de/politik/armenien-bergkarabach-fluechtlinge-1.6266105,0,www.sueddeutsche.de,Kaukasus: Es wird leer in Bergkarabach,"Mehr als 100 000 Menschen sind nach Armenien geflüchtet und müssen jetzt versorgt werden. Das Land setzt auf internationale Hilfe, aber nicht mehr auf Russland.",https://www.sueddeutsche.de/image/sz.1.6266107/1200x675?v=1696167832,2023-10-01T13:49:46Z,,"Zum ersten Mal seit 30 Jahren haben die Vereinten Nationen Zugang zur Region Bergkarabach erhalten. Eine Gruppe von UN-Mitarbeitern ist seit Sonntag in dem Gebiet, um den wenigen dort noch verblieben… [+4726 chars]",,de,'Flucht'
https://www.faz.net/aktuell/politik/ausland/so-reagiert-erdogan-auf-den-anschlag-in-ankara-19213403.html,https://www.faz.net/aktuell/politik/ausland/so-reagiert-erdogan-auf-den-anschlag-in-ankara-19213403.html,0,www.faz.net,Explosion in Ankara: Erdoğans Antwort auf den Anschlag,Vor dem Innenministerium in Ankara wird am Sonntagmorgen ein Anschlag verübt. Präsident Erdoğan legt sich kurz darauf schnell fest. Er spricht vom letzten Gefecht gegen die PKK.,https://media1.faz.net/ppmedia/aktuell/4147567980/1.9214217/facebook_teaser/der-tuerkische-praesident-erdo.jpg,2023-10-01T13:57:26Z,,"Über mögliche Hintergründe des Bombenanschlags auf das türkische Innenministerium in Ankara machte Innenminister Ali Yerlikaya zunächst keine Angaben. Er deutete an, dass die Ermittlungen in verschie… [+4565 chars]",,de,'Explosion'
https://www.stern.de/lifestyle/leute/andrea-sawatzki--schauspielerin-berichtet-ueber-harte-kindheit-33875960.html,https://www.stern.de/lifestyle/leute/andrea-sawatzki--schauspielerin-berichtet-ueber-harte-kindheit-33875960.html,0,www.stern.de,Andrea Sawatzki: Schauspielerin berichtet über harte Kindheit,"Schauspielerin Andrea Sawatzki berichtet über ihre schwere Kindheit, die geprägt war von Armut und familiären Problemen.",https://image.stern.de/33875964/t/Ew/v1/w1440/r1.7778/-/01--schauspielerin-berichtet-ueber-harte-kindheit---16-9---spoton-article-1053404.jpg,2023-10-01T14:02:00Z,,"Schauspielerin Andrea Sawatzki berichtet über ihre schwere Kindheit, die geprägt war von Armut und familiären Problemen.
Die schweren Jahre ihrer Kindheit lassen die Schauspielerin und Autorin Andre… [+2523 chars]",,de,'Armut'
https://www.brigitte.de/aktuell/andrea-sawatzki---tatort--star-berichtet-ueber-harte-kindheit-13596912.html,https://www.brigitte.de/aktuell/andrea-sawatzki---tatort--star-berichtet-ueber-harte-kindheit-13596912.html,0,www.brigitte.de,"Andrea Sawatzki: ""Tatort""-Star berichtet über harte Kindheit","Schauspielerin Andrea Sawatzki berichtet über ihre schwere Kindheit, die geprägt war von Armut und familiären Problemen.",https://image.brigitte.de/13596914/t/7F/v1/w1440/r1.7778/-/01---tatort--star-berichtet-ueber-harte-kindheit---1-1---spoton-article-1053404.jpg,2023-10-01T14:09:00Z,,"Schauspielerin Andrea Sawatzki berichtet über ihre schwere Kindheit, die geprägt war von Armut und familiären Problemen.
Die schweren Jahre ihrer Kindheit lassen die Schauspielerin und Autorin Andre… [+2523 chars]",,de,'Flucht'
https://taz.de/Filmfestival-San-Sebastian/!5964214/,https://taz.de/Filmfestival-San-Sebastian/!5964214/,0,taz.de,Filmfestival San Sebastián: Eine Hebamme auf der Flucht,Die 71. Ausgabe des Filmfestivals San Sebastián war das Jahr der Frauen. Der Hauptpreis ging an „O Corno“ von Regisseurin Jaione Camborda.,https://taz.de/picture/6561272/948/Ocorno-Filmpicture-28302-1.jpeg,2023-10-01T14:10:00Z,,"Die 71. Ausgabe des Filmfestivals San Sebastián war das Jahr der Frauen. Der Hauptpreis ging an O Corno von Regisseurin Jaione Camborda.
O Corno: Maria (Janet Novás) hilft Frauen bei Schwangerschaft… [+5650 chars]",,de,'Flucht'
https://taz.de/Landwirte-in-der-Ukraine/!5960876/,https://taz.de/Landwirte-in-der-Ukraine/!5960876/,0,taz.de,Landwirte in der Ukraine: Minen mit dem Traktor räumen,In der Ukraine kommt der Staat mit dem Räumen verminter Felder kaum hinterher. Landwirte helfen sich jetzt selbst – mit ferngesteuerten Traktoren.,https://taz.de/picture/6558170/948/33708048-1.jpeg,2023-10-01T14:18:00Z,,"In der Ukraine kommt der Staat mit dem Räumen verminter Felder kaum hinterher. Landwirte helfen sich jetzt selbst mit ferngesteuerten Traktoren.
Landwirt Girman vor einem zerstörten Traktor, den er … [+6053 chars]",,de,'Explosion'
https://www.stern.de/politik/ausland/ankara--bombenanschlag-erschuettert-tuerkische-hauptstadt-33875182.html,https://www.stern.de/politik/ausland/ankara--bombenanschlag-erschuettert-tuerkische-hauptstadt-33875182.html,0,www.stern.de,"Türkei: Mutmaßlicher Selbstmordanschlag in Ankara – Erdogan: ""Ein letztes Zucken des Terrors""",In der türkischen Hauptstadt Ankara kommt es am Sonntagmorgen zu einer Explosion. Die Regierung spricht kurz darauf von einem Selbstmordanschlag. Die Hintergründe bleiben vorerst ungeklärt. Liefern Datum und Anschlagsort Hinweise?,https://image.stern.de/33875346/t/uK/v1/w1440/r1.7778/-/ankara.jpg,2023-10-01T15:15:00Z,,In der türkischen Hauptstadt Ankara kommt es am Sonntagmorgen zu einer Explosion. Die Regierung spricht kurz darauf von einem Selbstmordanschlag. Die Hintergründe bleiben vorerst ungeklärt. Liefern D… [+3942 chars],,de,'Explosion'
https://www.stern.de/politik/ausland/tuerkei--bombenanschlag-erschuettert-ankara--bekennerschreiben-der-pkk-33875198.html,https://www.stern.de/politik/ausland/tuerkei--bombenanschlag-erschuettert-ankara--bekennerschreiben-der-pkk-33875198.html,0,www.stern.de,Türkei: Bombenanschlag erschüttert Ankara: Bekennerschreiben der PKK,In der türkischen Hauptstadt Ankara kommt es am Sonntagmorgen zu einer Explosion. Die Regierung spricht kurz darauf von einem Selbstmordanschlag. Ein Bekennerschreiben am Abend gibt Aufklärung.,https://image.stern.de/33875794/t/85/v3/w1440/r1.7778/-/01--urnnewsmldpacom2009010123100199400895v2w800h600l1299t626r3682b2218jpeg---ad1173110d7c6b3f.jpg,2023-10-01T15:33:39Z,,"In der türkischen Hauptstadt Ankara kommt es am Sonntagmorgen zu einer Explosion. Die Regierung spricht kurz darauf von einem Selbstmordanschlag. Ein Bekennerschreiben am Abend gibt Aufklärung.
Ein … [+4549 chars]",,de,'Explosion'
https://www.welt.de/politik/ausland/article247759564/Tuerkei-Erdogan-nennt-Bombenanschlag-letztes-Zucken-des-Terrors-Bekennerschreiben-aufgetaucht.html,https://www.welt.de/politik/ausland/article247759564/Tuerkei-Erdogan-nennt-Bombenanschlag-letztes-Zucken-des-Terrors-Bekennerschreiben-aufgetaucht.html,0,www.welt.de,Erdogan nennt Bombenanschlag „letztes Zucken des Terrors“ – Bekennerschreiben aufgetaucht,"Im Regierungsviertel der türkischen Hauptstadt Ankara ist es zu einer Explosion gekommen. Das Innenministerium bestätigt einen Bombenanschlag, es wurde eine Nachrichtensperre verhängt. Wenige Stunden später reklamierte offenbar die verbotene Kurdische Arbeite…",https://img.welt.de/img/videos/mobile247764596/4201356237-ci16x9-w1200/Bildschirmfoto-2023-10-01-um-14-45-48-png.jpg,2023-10-01T16:00:00Z,,Die türkische Hauptstadt Ankara ist am Sonntagmorgen nach Angaben des Innenministeriums von einem Terroranschlag erschüttert worden. Zwei Täter hätten sich gegen 9.30 Uhr Ortszeit in einem Lieferwage… [+3826 chars],,de,'Explosion'
https://www.welt.de/politik/ausland/article247759564/Anschlag-in-Ankara-PKK-Bekennerschreiben-aufgetaucht-tuerkische-Luftschlaege-im-Nordirak.html,https://www.welt.de/politik/ausland/article247759564/Anschlag-in-Ankara-PKK-Bekennerschreiben-aufgetaucht-tuerkische-Luftschlaege-im-Nordirak.html,0,www.welt.de,Türkei greift nach PKK-Bekennerschreiben Ziele in Nordirak an,Im Regierungsviertel der türkischen Hauptstadt Ankara ist es zu einer Explosion gekommen. Wenige Stunden später reklamierte offenbar die verbotene Kurdische Arbeiterpartei PKK den Angriff für sich. Die Türkei antwortete mit Luftangriffen im Nordirak.,https://img.welt.de/img/videos/mobile247764596/4201356237-ci16x9-w1200/Bildschirmfoto-2023-10-01-um-14-45-48-png.jpg,2023-10-01T16:00:00Z,,"Wenige Stunden nach dem Bombenanschlag in Ankara hat das türkische Militär Luftangriffe im Nordirak geflogen. Dabei sei eine große Zahl von Terroristen neutralisiert worden, teilte das Verteidigungsm… [+4940 chars]",,de,'Explosion'
https://www.jungewelt.de/artikel/460179.terrorismus-explosion-in-ankara.html,https://www.jungewelt.de/artikel/460179.terrorismus-explosion-in-ankara.html,0,www.jungewelt.de,Terrorismus: Explosion in Ankara,"In der türkischen Hauptstadt haben am Sonntag morgen Regierungsangaben zufolge zwei Attentäter versucht, in das Innenministerium zu gelangen. Der Hintergrund des Anschlags ist noch unklar.",https://www.jungewelt.de/img/1100/186034.jpg,2023-10-01T17:36:26Z,,"In der türkischen Hauptstadt haben am Sonntag morgen Regierungsangaben zufolge zwei Attentäter versucht, in das Innenministerium zu gelangen. Einer habe sich vor dem Eingang in die Luft gesprengt, de… [+356 chars]",,de,'Explosion'
https://www.n-tv.de/politik/12-00-Russische-Truppen-bombardierten-Krankenhaus-in-Cherson--article23143824.html,https://www.n-tv.de/politik/12-00-Russische-Truppen-bombardierten-Krankenhaus-in-Cherson--article23143824.html,0,www.n-tv.de,Ukraine-Krieg im Liveticker: +++ 12:00 Russische Truppen bombardierten Krankenhaus in Cherson +++,Lesen Sie alle aktuellen Entwicklungen und Nachrichten über den russischen Angriffskrieg auf die Ukraine im Liveticker von ntv.de.,https://bilder2.n-tv.de/img/incoming/crop23332537/9041326157-cImg_16_9-w1200/Liveticker1-grau-1-Kopie.jpg,2023-10-01T22:30:00Z,,"Russland hat in der vergangenen Nacht laut ukrainischer Aussagen einen weiteren Luftangriff mit Drohnen und Bomben auf mehrere Regionen in der Süd- und Ostukraine geflogen. ""Die Nacht war wieder ruhe… [+11818 chars]",,de,'Ukraine'
https://www.n-tv.de/politik/12-58-Munz-Prigoschin-Familie-will-Wagner-selbst-organisieren--article23143824.html,https://www.n-tv.de/politik/12-58-Munz-Prigoschin-Familie-will-Wagner-selbst-organisieren--article23143824.html,0,www.n-tv.de,"Ukraine-Krieg im Liveticker: +++ 12:58 Munz: ""Prigoschin-Familie will Wagner selbst organisieren"" +++",Lesen Sie alle aktuellen Entwicklungen und Nachrichten über den russischen Angriffskrieg auf die Ukraine im Liveticker von ntv.de.,https://bilder2.n-tv.de/img/incoming/crop23332537/9041326157-cImg_16_9-w1200/Liveticker1-grau-1-Kopie.jpg,2023-10-01T22:30:00Z,,Russland setzt für den Ukraine-Krieg wieder auf die Kampfkraft der Wagner-Söldner. Ein Umbau der Führungsstruktur soll die Truppe nach dem Tod von Jewgeni Prigoschin wieder einsatzfähig machen. Die F… [+13747 chars],,de,'Explosion'
https://www.n-tv.de/politik/14-23-Ukrainisches-Parlament-und-Musk-liefern-sich-Schlagabtausch--article23143824.html,https://www.n-tv.de/politik/14-23-Ukrainisches-Parlament-und-Musk-liefern-sich-Schlagabtausch--article23143824.html,0,www.n-tv.de,Ukraine-Krieg im Liveticker: +++ 14:23 Ukrainisches Parlament und Musk liefern sich Schlagabtausch +++,Lesen Sie alle aktuellen Entwicklungen und Nachrichten über den russischen Angriffskrieg auf die Ukraine im Liveticker von ntv.de.,https://bilder2.n-tv.de/img/incoming/crop23332537/9041326157-cImg_16_9-w1200/Liveticker1-grau-1-Kopie.jpg,2023-10-01T22:30:00Z,,Das ukrainische Parlament und US-Milliardär Elon Musk haben sich auf X einen Schlagabtausch geliefert. Musk hatte sich über den ukrainischen Präsidenten Wolodymyr Selenskyj mit einem Meme lustig gema… [+15942 chars],,de,'Ukraine'
https://www.n-tv.de/politik/16-47-Drohnen-zerstoeren-69-russische-Artilleriegeschuetze-in-einer-Woche--article23143824.html,https://www.n-tv.de/politik/16-47-Drohnen-zerstoeren-69-russische-Artilleriegeschuetze-in-einer-Woche--article23143824.html,0,www.n-tv.de,Ukraine-Krieg im Liveticker: +++ 16:47 Drohnen zerstören 69 russische Artilleriegeschütze in einer Woche +++,Lesen Sie alle aktuellen Entwicklungen und Nachrichten über den russischen Angriffskrieg auf die Ukraine im Liveticker von ntv.de.,https://bilder2.n-tv.de/img/incoming/crop23332537/9041326157-cImg_16_9-w1200/Liveticker1-grau-1-Kopie.jpg,2023-10-01T22:30:00Z,,"Die von der Initiative ""Army of Drones"" unterstützten ukrainischen Drohnen haben in der vergangenen Woche einen neuen Höchstwert an zerstörten russischen Artilleriegeschützen erreicht. Wie der zustän… [+18788 chars]",,de,'Ukraine'
https://www.n-tv.de/politik/16-24-Kreml-setzt-auf-Zersplitterung-des-Westens-ueber-Ukraine-Hilfen--article23143824.html,https://www.n-tv.de/politik/16-24-Kreml-setzt-auf-Zersplitterung-des-Westens-ueber-Ukraine-Hilfen--article23143824.html,0,www.n-tv.de,"Ukraine-Krieg im Liveticker: +++ 16:24 Kreml setzt auf ""Zersplitterung"" des Westens über Ukraine-Hilfen +++",Lesen Sie alle aktuellen Entwicklungen und Nachrichten über den russischen Angriffskrieg auf die Ukraine im Liveticker von ntv.de.,https://bilder2.n-tv.de/img/incoming/crop23332537/9041326157-cImg_16_9-w1200/Liveticker1-grau-1-Kopie.jpg,2023-10-01T22:30:00Z,,"Russland setzt in seinem Angriffskrieg gegen die Ukraine nach Kremlangaben auf eine zunehmende Ermüdung im Westen bei der Unterstützung des Landes. ""Wir haben immer wieder schon früher gesagt, dass n… [+18014 chars]",,de,'Ukraine'
https://www.n-tv.de/politik/20-19-Kuleba-Ukrainische-EU-Mitgliedschaft-nur-Frage-der-Zeit--article23143824.html,https://www.n-tv.de/politik/20-19-Kuleba-Ukrainische-EU-Mitgliedschaft-nur-Frage-der-Zeit--article23143824.html,0,www.n-tv.de,"Ukraine-Krieg im Liveticker: +++ 20:19 Kuleba: Ukrainische EU-Mitgliedschaft ""nur Frage der Zeit"" +++",Lesen Sie alle aktuellen Entwicklungen und Nachrichten über den russischen Angriffskrieg auf die Ukraine im Liveticker von ntv.de.,https://bilder2.n-tv.de/img/incoming/crop23332537/9041326157-cImg_16_9-w1200/Liveticker1-grau-1-Kopie.jpg,2023-10-01T22:30:00Z,,"Der ukrainische Außenminister Dmytro Kuleba zeigt sich mit Blick auf die angestrebte EU-Mitgliedschaft seines Landes zuversichtlich. ""Es ist nur eine Frage der Zeit"", sagt er in Kiew. ""Alle sind ents… [+23078 chars]",,de,'Ukraine'
https://www.n-tv.de/politik/15-54-Ukraine-Pilot-berichtet-vom-Berg-Manoever-und-der-Angst--article23143824.html,https://www.n-tv.de/politik/15-54-Ukraine-Pilot-berichtet-vom-Berg-Manoever-und-der-Angst--article23143824.html,0,www.n-tv.de,"Ukraine-Krieg im Liveticker: +++ 15:54 Ukraine-Pilot berichtet vom ""Berg-Manöver"" und der Angst +++",Lesen Sie alle aktuellen Entwicklungen und Nachrichten über den russischen Angriffskrieg auf die Ukraine im Liveticker von ntv.de.,https://bilder2.n-tv.de/img/incoming/crop23332537/9041326157-cImg_16_9-w1200/Liveticker1-grau-1-Kopie.jpg,2023-10-01T22:30:00Z,,"Oleh ist ukrainischer Helikopter-Pilot im Fronteinsatz. Bei seinen Einsätzen muss er unter Hochkonzentration seine Maschine im Tiefflug in die Nähe des Ziels fliegen und dann das sogenannte ""Berg-Man… [+17308 chars]",,de,'Explosion'
https://www.n-tv.de/politik/21-18-Ukraine-Russen-scheitern-mit-Rueckeroberungsversuch-bei-Bachmut--article23143824.html,https://www.n-tv.de/politik/21-18-Ukraine-Russen-scheitern-mit-Rueckeroberungsversuch-bei-Bachmut--article23143824.html,0,www.n-tv.de,Ukraine-Krieg im Liveticker: +++ 21:18 Ukraine: Russen scheitern mit Rückeroberungsversuch bei Bachmut +++,Lesen Sie alle aktuellen Entwicklungen und Nachrichten über den russischen Angriffskrieg auf die Ukraine im Liveticker von ntv.de.,https://bilder2.n-tv.de/img/incoming/crop23332537/9041326157-cImg_16_9-w1200/Liveticker1-grau-1-Kopie.jpg,2023-10-01T22:30:00Z,,"Die russischen Truppen haben es nach Angaben aus Kiew nicht geschafft, kürzlich verlorene Stellungen bei Andrijiwka in der Nähe der ostukrainischen Stadt Bachmut, wieder einzunehmen. Dies schreibt de… [+24153 chars]",,de,'Explosion'
https://www.n-tv.de/politik/19-21-Nicht-nur-im-Interesse-der-Ukraine-Selenskyj-fuer-hoeheren-Sanktionsdruck--article23143824.html,https://www.n-tv.de/politik/19-21-Nicht-nur-im-Interesse-der-Ukraine-Selenskyj-fuer-hoeheren-Sanktionsdruck--article23143824.html,0,www.n-tv.de,"Ukraine-Krieg im Liveticker: +++ 19:21 ""Nicht nur im Interesse der Ukraine"": Selenskyj für höheren Sanktionsdruck +++",Lesen Sie alle aktuellen Entwicklungen und Nachrichten über den russischen Angriffskrieg auf die Ukraine im Liveticker von ntv.de.,https://bilder2.n-tv.de/img/incoming/crop23332537/9041326157-cImg_16_9-w1200/Liveticker1-grau-1-Kopie.jpg,2023-10-01T22:30:00Z,,Bei dem Treffen der EU-Außenminister in Kiew fordert der ukrainische Präsident Wolodymyr Selenskyj weitere Sanktionen gegen Russland. Die aktuell starken russischen Luftangriffe seien ein Beleg dafür… [+21757 chars],,de,'Ukraine'
https://www.n-tv.de/politik/17-49-EU-Chefdiplomat-zu-Kreml-Lassen-uns-von-Euren-Raketen-nicht-einschuechtern--article23143824.html,https://www.n-tv.de/politik/17-49-EU-Chefdiplomat-zu-Kreml-Lassen-uns-von-Euren-Raketen-nicht-einschuechtern--article23143824.html,0,www.n-tv.de,"Ukraine-Krieg im Liveticker: +++ 17:49 EU-Chefdiplomat zu Kreml: ""Lassen uns von Euren Raketen nicht einschüchtern"" +++",Lesen Sie alle aktuellen Entwicklungen und Nachrichten über den russischen Angriffskrieg auf die Ukraine im Liveticker von ntv.de.,https://bilder2.n-tv.de/img/incoming/crop23332537/9041326157-cImg_16_9-w1200/Liveticker1-grau-1-Kopie.jpg,2023-10-01T22:30:00Z,,"EU-Chefdiplomat Josep Borrell bezeichnet das Treffen der europäischen Außenminister in Kiew als historisch. Es sei das erste Mal gewesen, dass der Rat der EU-Außenminister außerhalb der Europäischen … [+19925 chars]",,de,'Ukraine'
https://www.n-tv.de/politik/14-56-Russland-stellt-Weichen-auf-jahrelangen-Krieg--article23143824.html,https://www.n-tv.de/politik/14-56-Russland-stellt-Weichen-auf-jahrelangen-Krieg--article23143824.html,0,www.n-tv.de,"Ukraine-Krieg im Liveticker: +++ 14:56 ""Russland stellt Weichen auf jahrelangen Krieg"" +++",Lesen Sie alle aktuellen Entwicklungen und Nachrichten über den russischen Angriffskrieg auf die Ukraine im Liveticker von ntv.de.,https://bilder2.n-tv.de/img/incoming/crop23332537/9041326157-cImg_16_9-w1200/Liveticker1-grau-1-Kopie.jpg,2023-10-01T22:30:00Z,,Walter Feichtinger ist Brigadier a.D. und Konfliktforscher und analysiert im Ukraine-Spezial von ntv immer wieder die Kriegslage. Aktuell sieht der Experte Moskau wieder in einer stärkeren Position. … [+16334 chars],,de,'Explosion'
https://www.n-tv.de/panorama/Jugendliche-nach-Explosion-schwer-verletzt-article24435891.html,https://www.n-tv.de/panorama/Jugendliche-nach-Explosion-schwer-verletzt-article24435891.html,0,www.n-tv.de,Ticketautomat gesprengt: Jugendliche nach Explosion schwer verletzt,Ein heftiger Knall erschüttert die kleine Gemeinde Neuenhagen bei Berlin am Wochenende. Die Polizei findet danach einen schwer verletzten Jungen im Gleisbett. Er und weiterer Jugendlicher müssen notoperiert werden.,https://bilder4.n-tv.de/img/incoming/crop24435895/7671327240-cImg_16_9-w1200/imago0050571789h.jpg,2023-10-02T02:02:08Z,,Ein heftiger Knall erschüttert die kleine Gemeinde Neuenhagen bei Berlin am Wochenende. Die Polizei findet danach einen schwer verletzten Jungen im Gleisbett. Er und weiterer Jugendlicher müssen noto… [+1261 chars],,de,'Explosion'
https://www.stern.de/politik/ausland/konflikte--nach-anschlag-in-ankara--tuerkei-greift-ziele-im-nordirak-an-33876416.html,https://www.stern.de/politik/ausland/konflikte--nach-anschlag-in-ankara--tuerkei-greift-ziele-im-nordirak-an-33876416.html,0,www.stern.de,Konflikte: Nach Anschlag in Ankara: Türkei greift Ziele im Nordirak an,In der türkischen Hauptstadt Ankara kommt es am Sonntag zu einer Explosion. Ein Bekennerschreiben gibt Aufklärung. Kurz darauf greift die türkische Luftwaffe Ziele in kurdischen Gebieten im Irak an.,https://image.stern.de/33876418/t/G6/v2/w1440/r1.7778/-/02--urnnewsmldpacom2009010123100199406808v3w800h600l665t174r1840b1027jpeg---798fdf96d985179d.jpg,2023-10-02T03:02:50Z,,In der türkischen Hauptstadt Ankara kommt es am Sonntag zu einer Explosion. Ein Bekennerschreiben gibt Aufklärung. Kurz darauf greift die türkische Luftwaffe Ziele in kurdischen Gebieten im Irak an.,,,
https://www.zeit.de/politik/2023-10/ankara-anschlag-explosion-parlament-tuerkei-nachrichtenpodcast,https://www.zeit.de/politik/2023-10/ankara-anschlag-explosion-parlament-tuerkei-nachrichtenpodcast,0,www.zeit.de,Anschlag in Ankara: Explosion und Schüsse in der türkischen Hauptstadt,War der Angriff auf das türkische Innenministerium eine Terrorattacke? Und: Die Erzfeinde Israel und Saudi-Arabien stehen kurz vor einer historischen Einigung.,,2023-10-02T04:54:08Z,,"When browsing with ads:
We collect personal data and also transmit it to third-party providers
 that help us improve and finance our digital content. Some of the information stored on your device, … [+821 chars]",,de,'Explosion'
https://taz.de/Explosion-in-der-tuerkischen-Hauptstadt/!5964230/,https://taz.de/Explosion-in-der-tuerkischen-Hauptstadt/!5964230/,0,taz.de,Explosion in der türkischen Hauptstadt: Anschlag zum Ende der Sommerpause,Bei einer Explosion nahe des türkischen Innenministeriums sterben die mutmaßlichen Attentäter. Vieles deutet auf einen Anschlag mit Symbolcharakter hin.,https://taz.de/picture/6561441/948/ankara-1.jpeg,2023-10-02T07:37:00Z,,"Bei einer Explosion nahe des türkischen Innenministeriums sterben die mutmaßlichen Attentäter. Vieles deutet auf einen Anschlag mit Symbolcharakter hin.
Polizisten und Soldaten am Explosionsort in A… [+3187 chars]",,de,'Explosion'
https://taz.de/US-Haushalt-ohne-Ukraine-Hilfen/!5964243/,https://taz.de/US-Haushalt-ohne-Ukraine-Hilfen/!5964243/,0,taz.de,US-Haushalt ohne Ukraine-Hilfen: Der Dammbruch der US-Rechten,"Der US-Nothaushalt ohne Hilfsgelder für die Ukraine ist ein Dammbruch. Wer Wert auf Menschenwürde legt, muss alles in den Sieg gegen Russland investieren.",https://taz.de/picture/6561612/948/33735442-1.jpeg,2023-10-02T09:52:00Z,,"Der US-Nothaushalt ohne Hilfsgelder für die Ukraine ist ein Dammbruch. Wer Wert auf Menschenwürde legt, muss alles in den Sieg gegen Russland investieren.
Ohne die Hilfen der USA steht die Ukraine z… [+2663 chars]",,de,'Russland'
https://www.telepolis.de/features/Keine-neuen-Ukraine-Hilfen-vorerst-Kippt-die-Stimmung-in-den-USA-9323028.html,https://www.telepolis.de/features/Keine-neuen-Ukraine-Hilfen-vorerst-Kippt-die-Stimmung-in-den-USA-9323028.html,0,www.telepolis.de,Keine neuen Ukraine-Hilfen vorerst: Kippt die Stimmung in den USA?,Ein Regierungsstillstand wurde im US-Kongress verhindert. Für Kiew bedeutet das: kein neues Geld erst mal. Auch in EU brodelt es. Signale für eine Abwendung in Raten?,https://heise.cloudimg.io/bound/1200x1200/q85.png-lossy-85.webp-lossy-85.foil1/_www-heise-de_/imgs/18/4/3/1/2/2/8/8/Flaggen_USA_Ukraine-358c8ecb491be84d.jpeg,2023-10-02T10:00:00Z,,"Bild: California National Guard / CC BY 2.0 Deed
Ein Regierungsstillstand wurde im US-Kongress verhindert. Für Kiew bedeutet das: kein neues Geld erst mal. Auch in EU brodelt es. Signale für eine Ab… [+2951 chars]",,de,'Russland'
https://www.bild.de/politik/inland/politik-inland/wenn-wir-das-damals-gewusst-haetten-merkel-berater-gibt-schwerste-fehler-zu-85608236.bild.html,https://www.bild.de/politik/inland/politik-inland/wenn-wir-das-damals-gewusst-haetten-merkel-berater-gibt-schwerste-fehler-zu-85608236.bild.html,0,www.bild.de,Abhängigkeit von Russland - Merkel-Berater gibt schwerste Fehler zu,Merkels Wirtschaftsberater gibt zu: Die Alt-Kanzlerin hat große Fehler begangen!Foto: Fabian Sommer/dpa,"https://images.bild.de/651a853f9829af1f248b8e7a/d3f4f68e08d95f477ac10e8d094de733,3d2b57fe?w=1280",2023-10-02T10:11:31Z,,"Er war Merkels wichtigster Wirtschaftsberater jetzt gibt er schwerste Fehler zu!
Lars-Hendrik Röller (65) beriet Alt-Kanzlerin Angela Merkel (69, CDU) 2011 bis 2021 wirtschaftspolitischen Fragen. Je… [+1705 chars]",,de,'Russland'
https://www.faz.net/aktuell/sport/sportpolitik/paralympics-dbs-praesident-beucher-kritisiert-russlands-rueckkehr-19214046.html,https://www.faz.net/aktuell/sport/sportpolitik/paralympics-dbs-praesident-beucher-kritisiert-russlands-rueckkehr-19214046.html,0,www.faz.net,Russen bei Paralympics: DBS-Präsident Beucher entsetzt über Werteverlust,"Der Präsident des Deutschen Behindertensportverbandes, Friedhelm Julius Beucher, kritisiert die Entscheidung, Russland zu den Paralympics zuzulassen und beklagt im Interview einen Werteverlust.",https://media1.faz.net/ppmedia/aktuell/4049835824/1.9214045/facebook_teaser_fplus/neutrale-athleten-putin.jpg,2023-10-02T10:16:57Z,,"Neutrale Athleten?: Putin spricht per Video mit den paralympischen Athleten vor den Winterspielen 2022. Spitzensport in Russland ist Staatssport, sagt Beucher. Bild: picture alliance / ASSOCIATED PRE… [+956 chars]",,de,'Russland'
https://www.faz.net/aktuell/politik/ausland/haftar-in-moskau-putin-will-den-griff-auf-libyen-staerken-19214095.html,https://www.faz.net/aktuell/politik/ausland/haftar-in-moskau-putin-will-den-griff-auf-libyen-staerken-19214095.html,0,www.faz.net,Russische Avancen an Haftar: Wie Putin seine Position in Libyen ausbauen will,Zwischen Moskau und dem Osten Libyens herrscht reger Besuchsverkehr. Der Kreml will seine Präsenz stärken – und die Wagner-Truppe auf Linie bringen.,https://media0.faz.net/ppmedia/aktuell/3587203057/1.9214094/facebook_teaser_fplus/chalifa-haftar-und-junus-bek.jpg,2023-10-02T10:18:02Z,,"Es war ein Treffen in herzlicher Atmosphäre, so ist es zumindest von Teilnehmern überliefert. Am 17. September war der stellvertretende russische Verteidigungsminister Junus-Bek Jewkurow wieder einma… [+640 chars]",,de,'Putin'
https://www.welt.de/politik/ausland/article247770818/Ukraine-News-Baerbock-fordert-Winterschutzschirm-fuer-die-Ukraine.html,https://www.welt.de/politik/ausland/article247770818/Ukraine-News-Baerbock-fordert-Winterschutzschirm-fuer-die-Ukraine.html,0,www.welt.de,Baerbock fordert „Winterschutzschirm“ für die Ukraine,Eine so große Gruppe von Ministern wie aktuell ist noch nie nach Kiew gekommen: Außenminister aller 27 EU-Staaten haben sich zu Gesprächen zusammengefunden. Annalena Baerbock forderte mit Blick auf den bevorstehenden Winter insbesondere die Sicherung der Vers…,https://img.welt.de/img/politik/ausland/mobile247774668/4191353317-ci16x9-w1200/UKRAINE-RUSSIA-FRANCE-EU-POLITICS-WAR-CONFLICT.jpg,2023-10-02T10:30:00Z,,Bundesaußenministerin Annalena Baerbock hat zum Auftakt des EU-Außenministertreffens in Kiew ihre Forderung nach einem Winterschutzschirm für die Ukraine bekräftigt. Dazu gehöre der Ausbau der Luftve… [+6782 chars],,de,'Ukraine'
https://www.welt.de/politik/ausland/article247770818/Ukraine-News-US-Institut-fuer-Kriegsstudien-warnt-vor-Wagner-Einheiten.html,https://www.welt.de/politik/ausland/article247770818/Ukraine-News-US-Institut-fuer-Kriegsstudien-warnt-vor-Wagner-Einheiten.html,0,www.welt.de,US-Institut sieht mögliche Gefahr für Ukraine durch Wagner-Einheiten,Ein Institut in den USA hat vor einer Wiederbelebung der Wagner-Einheiten gewarnt. Nach dem Tod ihres bisherigen Chefs Jewgeni Prigoschin könnte nun dessen Sohn die Leitung übernehmen. Annalena Baerbock fordert unterdessen die Sicherung der ukrainischen Verso…,https://img.welt.de/img/newsticker/dpa_nt/infoline_nt/politik_ausland_nt/mobile247774310/9691350437-ci16x9-w1200/Wagner-Gruppe.jpg,2023-10-02T10:30:00Z,,Westliche Militärexperten sehen in einer Wiederbelebung der russischen Privatarmee Wagner unter Kontrolle des Machtapparats in Moskau eine mögliche neue Bedrohung für die Ukraine. Wagner könne als ge… [+9595 chars],,de,'Ukraine'
https://www.sueddeutsche.de/politik/ukraine-eu-aussenminister-kiew-1.6267579,https://www.sueddeutsche.de/politik/ukraine-eu-aussenminister-kiew-1.6267579,0,www.sueddeutsche.de,Ukraine-Besuch der Außenminister: EU setzt ein Zeichen der Freundschaft,"Während in den USA und der Slowakei die Unterstützung für die Ukraine auf dem Spiel steht, treffen sich alle Außenminister der EU in Kiew. Baerbock fordert einen ""Winterschutzschirm"" für das Land.",https://www.sueddeutsche.de/image/sz.1.6267580/1200x675?v=1696243029,2023-10-02T10:37:14Z,,Das Treffen der EU-Außenministerinnen und -minister an diesem Montag in Kiew war als Geste der Solidarität geplant. Europa steht fest an der Seite der Ukraine - diese Botschaft sollte von der gemeins… [+4157 chars],,de,'Russland'
https://www.welt.de/politik/ausland/article247775620/Slowakei-Ex-Vizepremier-Robert-Kalinak-gegen-Nato-Beitritt-der-Ukraine.html,https://www.welt.de/politik/ausland/article247775620/Slowakei-Ex-Vizepremier-Robert-Kalinak-gegen-Nato-Beitritt-der-Ukraine.html,0,www.welt.de,„Die Ukraine ist Teil Osteuropas. Mit uns hat sie nichts zu tun“,"Der ehemalige slowakische Vize-Premier und frühere Innenminister Robert Kalinak gehört zum inneren Zirkel von Robert Fico, der nach dem Wahlsieg am Samstag die nächste Regierung bilden soll. Im Interview erklärt er, warum sie gegen Waffen für die Ukraine und …",https://img.welt.de/img/politik/ausland/mobile247775618/5131359787-ci16x9-w1200/2023-Slovak-parliamentary-election-Robert-Kalinak.jpg,2023-10-02T10:44:19Z,,Der frühere slowakische Vize-Premierminister Robert Kalinak gehört zu den engsten Vertrauten des mehrfachen Regierungschefs und jetzigen Wahlgewinners Robert Fico. Als der Journalist Jan Kuciak im Fe… [+3443 chars],,de,'Russland'
https://www.faz.net/aktuell/politik/ausland/ukraine-krieg-eu-aussenminister-zu-historischem-treffen-in-kiew-19215337.html,https://www.faz.net/aktuell/politik/ausland/ukraine-krieg-eu-aussenminister-zu-historischem-treffen-in-kiew-19215337.html,0,www.faz.net,EU-Außenminister in Kiew: Baerbock: EU reicht bald „von Lissabon bis Luhansk“,Beim EU-Außenministertreffen in Kiew bekräftigt Außenministerin Baerbock ihre Forderung nach einem „Winterschutzschirm“ für die Ukraine. Sie äußert sich zudem zu einem möglichen EU-Beitritt des Landes.,https://media0.faz.net/ppmedia/aktuell/214392723/1.9215810/facebook_teaser/aussenministerin-annalena.jpg,2023-10-02T11:46:54Z,,Bundesaußenministerin Annalena Baerbock (Grüne) hat zum Auftakt des EU-Außenministertreffens in Kiew ihre Forderung nach einem Winterschutzschirm für die Ukraine bekräftigt. Dazu gehöre der Ausbau de… [+3482 chars],,de,'Ukraine'
https://www.welt.de/mediathek/magazin/gesellschaft/sendung247749270/Die-Welt-am-Wochenende-Abtauchen-in-der-Ostsee-mit-der-U36.html,https://www.welt.de/mediathek/magazin/gesellschaft/sendung247749270/Die-Welt-am-Wochenende-Abtauchen-in-der-Ostsee-mit-der-U36.html,0,www.welt.de,Die Welt am Wochenende: Abtauchen in der Ostsee mit der U36,In der Ostsee trainierten Soldaten von Anrainerstaaten und NATO-Partnern zwei Wochen lang den Bündnisfall. Unter deutscher Führung sollte das Marine-Großmanöver vor der Küste Lettlands und Estlands Stärke und Einsatzbereitschaft in Richtung Russland demonstri…,https://img.welt.de/img/masters/mobile160492822/7651629427-ci16x9-w1200/welt-fallback-jpg.jpg,2023-10-02T11:52:56Z,,In der Ostsee trainierten Soldaten von Anrainerstaaten und NATO-Partnern zwei Wochen lang den Bündnisfall. Unter deutscher Führung sollte das Marine-Großmanöver vor der Küste Lettlands und Estlands S… [+310 chars],,de,'Russland'
https://www.stern.de/politik/ausland/streit-um-ukraine-hilfen--ein-gefaehrliches-spiel--meinung--33877528.html,https://www.stern.de/politik/ausland/streit-um-ukraine-hilfen--ein-gefaehrliches-spiel--meinung--33877528.html,0,www.stern.de,"Streit um Ukraine-Hilfen: Wer so handelt, spielt nur Putin in die Hände","Politiker in den USA und in Europa stellen im Wahlkampf die Hilfe für die Ukraine in Frage. Ein gefährliches Spiel, das dem Kreml in die Hände spielt.",https://image.stern.de/33877968/t/rV/v4/w1440/r1.7778/-/wladimir-putin.jpg,2023-10-02T11:56:00Z,,"Kevin McCarthy, Speaker im US-Repräsentantenhaus, ist kein natürlicher Feind der Ukraine. Der Republikaner hat schon mehrmals die Höhe der amerikanischen Hilfen in Frage gestellt dann aber doch immer… [+3491 chars]",,de,'Ukraine'
https://www.stern.de/politik/ausland/hilfe-fuer-die-ukraine-als-wahlkampfthema--ein-gefaehrliches-spiel--meinung--33877528.html,https://www.stern.de/politik/ausland/hilfe-fuer-die-ukraine-als-wahlkampfthema--ein-gefaehrliches-spiel--meinung--33877528.html,0,www.stern.de,"Wahlkämpfe: Wer die Ukraine-Hilfen in Frage stellt, mag Wähler finden – vor allem aber gewinnt einer: Wladimir Putin","Politiker in den USA und in Europa stellen im Wahlkampf die Hilfe für die Ukraine in Frage. Ein gefährliches Spiel, das dem Kreml in die Hände spielt.",https://image.stern.de/33877968/t/43/v3/w1440/r1.7778/-/wladimir-putin.jpg,2023-10-02T11:56:00Z,,"Kevin McCarthy, Speaker im US-Repräsentantenhaus, ist kein natürlicher Feind der Ukraine. Der Republikaner hat schon mehrmals die Höhe der amerikanischen Hilfen in Frage gestellt dann aber doch immer… [+3484 chars]",,de,'Putin'
https://www.telepolis.de/features/Krieg-der-Illusionen-Hat-die-Ukraine-einen-realistischen-Plan-fuer-den-Sieg-9323119.html,https://www.telepolis.de/features/Krieg-der-Illusionen-Hat-die-Ukraine-einen-realistischen-Plan-fuer-den-Sieg-9323119.html,0,www.telepolis.de,Krieg der Illusionen: Hat die Ukraine einen realistischen Plan für den Sieg?,Mediensplitter(44): Zeit neu nachzudenken – nach dem Scheitern der Gegenoffensive fordert der Economist eine Revision der westlichen Ukraine-Politik und Rekalibrierungen.,https://heise.cloudimg.io/bound/1200x1200/q85.png-lossy-85.webp-lossy-85.foil1/_www-heise-de_/imgs/18/4/3/1/2/3/3/4/cHJpdmF0ZS9sci9pbWFnZXMvd2Vic2l0ZS8yMDIyLTExL2ZsNTI1MDIwNTQ4MzAtaW1hZ2UuanBn-a1f8825b9fb5c345-0d30c81975b2f5d0.jpeg,2023-10-02T12:00:00Z,,"Der ukrainische Präsident Wolodymyr Selenskyj in Cherson. 
(Bild: rawpixel.com)
Mediensplitter(44): Zeit neu nachzudenken nach dem Scheitern der Gegenoffensive fordert der Economist eine Revision d… [+3155 chars]",,de,'Ukraine'
https://www.morgenpost.de/politik/inland/article239716329/Deutsche-Ruestungsexporte-steuern-auf-Rekord-zu.html,https://www.morgenpost.de/politik/inland/article239716329/Deutsche-Ruestungsexporte-steuern-auf-Rekord-zu.html,0,www.morgenpost.de,Waffen: Deutsche Rüstungsexporte steuern auf Rekord zu,"Deutschland wird in diesem Jahr vermutlich so viele Waffen exportieren, wie noch nie zuvor. Das hat mit dem russischen Angriffskrieg gegen die Ukraine zu tun - aber nicht nur.",https://img.morgenpost.de/img/inland/crop239716327/3632604870-w820-cv16_9-q85/Ruestungsexporte.jpg,2023-10-02T12:00:16Z,,Berlin. Vor allem wegen der Waffenlieferungen in die Ukraine steuern die deutschen Rüstungsexporte in diesem Jahr auf einen Rekord zu. In den ersten drei Quartalen hat die Bundesregierung bereits Aus… [+1589 chars],,de,'Waffen'
https://www.morgenpost.de/politik/article239713801/ukraine-krieg-panzer-waffen-attrappe-firma-tschechien.html,https://www.morgenpost.de/politik/article239713801/ukraine-krieg-panzer-waffen-attrappe-firma-tschechien.html,0,www.morgenpost.de,Aufblasbare Panzer : Heiße Luft gegen Putin: Firma mit besonderem Geschäftsmodell,Zur Kriegslist gehört täuschen. Eine tschechische Firma hat ihre Nische gefunden: aufblasbare Attrappen. Mit heißer Luft gegen Putin?,https://img.morgenpost.de/img/frontpage/crop239714763/9232605251-w820-cv16_9-q85/dpa-Picture-Alliance-2.jpg,2023-10-02T19:10:59Z,,"Berlin. Die Auftragsbücher sind voll, Umsatz und Gewinne steigen. Das Portfolio von ""Inflatech"": Panzer, Radargeräte, Raketenwerfer, Flugzeuge. Und trotzdem ist es kein Rüstungsunternehmen.
Denn die… [+3969 chars]",,de,'Flucht'
https://www.dw.com/de/raus-aus-gaza-die-schwierige-flucht-nach-europa/a-66982057,https://www.dw.com/de/raus-aus-gaza-die-schwierige-flucht-nach-europa/a-66982057,0,www.dw.com,Raus aus Gaza: Die schwierige Flucht nach Europa,"Täglich verlassen Menschen ihre Heimat Richtung Europa - in der Hoffnung, Konflikte, Verfolgung oder wirtschaftliche Not hinter sich zu lassen. Darunter sind auch junge Leute aus dem Gazastreifen. Die Taschen mit etwas Kleidung, wichtigen Dokumenten, Geld und…",https://static.dw.com/image/66940359_6.jpg,2023-10-02T20:21:00Z,,"Die Taschen mit etwas Kleidung, wichtigen Dokumenten, Geld und Handys sind gepackt. Waseem, Wajdi und Momen wollen am nächsten Tag ihre Heimat, den Gazastreifen, verlassen. Doch die jungen Palästinen… [+9444 chars]",,de,'Flucht'
https://www.n-tv.de/politik/20-46-Naechstes-EU-Land-schliesst-Grenze-fuer-russische-Autos--article24437877.html,https://www.n-tv.de/politik/20-46-Naechstes-EU-Land-schliesst-Grenze-fuer-russische-Autos--article24437877.html,0,www.n-tv.de,Ukraine-Krieg im Liveticker: +++ 20:46 Nächstes EU-Land schließt Grenze für russische Autos +++,Lesen Sie alle aktuellen Entwicklungen und Nachrichten über den russischen Angriffskrieg auf die Ukraine im Liveticker von ntv.de.,https://bilder2.n-tv.de/img/incoming/crop23332537/9041326157-cImg_16_9-w1200/Liveticker1-grau-1-Kopie.jpg,2023-10-02T21:38:45Z,,Nach mehreren anderen europäischen Staaten schließt nun auch Bulgarien seine Grenzen für in Russland zugelassene Autos. Das Verbot soll nach Angaben der bulgarischen Grenzpolizei bereits in Kraft sei… [+23655 chars],,de,'Explosion'
https://www.nzz.ch/feuilleton/sergei-gerasimow-kriegstagebuch-aus-charkiw-teil-4311-ld.1757462,https://www.nzz.ch/feuilleton/sergei-gerasimow-kriegstagebuch-aus-charkiw-teil-4311-ld.1757462,0,www.nzz.ch,"SERIE - Ich frage mich, ob der Geist Ceausescus nachts über Putin schwebt. Mit den ukrainischen Drohnen über Moskau ist er ihm jedenfalls näher gekommen","Sergei Gerasimow befindet sich noch immer in Charkiw und führt sein Kriegstagebuch weiter. Auch wenn die Raketenangriffe nachgelassen haben, der Schrecken des Krieges mit seinen seelischen Abgründen und absurden Situationen bleibt in drängender Weise präsent.","https://img.nzz.ch/2023/09/27/9cd9cf2a-1565-4205-8a2b-89712fd252c7.jpeg?width=1200&height=675&fit=bound&quality=75&auto=webp&crop=5120,2880,x0,y536&wmark=nzz",2023-10-03T03:30:00Z,,"Das private Schlafgemach der Ceausescus im Bukarester Palast am 30. Dezember 1989.
30. Juli
Gestern Abend drangen ukrainische Bienen in den russischen Hühnerstall ein: Mehrere Drohnen explodierten … [+4848 chars]",,de,'Explosion'
https://www.bild.de/regional/muenchen/muenchen-aktuell/15-migranten-im-auto-schleuser-rammt-streifenwagen-der-polizei-85607892.bild.html,https://www.bild.de/regional/muenchen/muenchen-aktuell/15-migranten-im-auto-schleuser-rammt-streifenwagen-der-polizei-85607892.bild.html,0,www.bild.de,15 Migranten im Auto - Schleuser rammt Streifenwagen der Polizei,Irre Flucht im Landkreis Passau. Ein mutmaßlicher Schleuser hat mit 15 Migranten im Auto auf der Flucht vor einer Kontrolle einen Streifenwagen gerammt.,"https://images.bild.de/651a8bc49829af1f248b8e88/203d1f8cc036af65ec188203ca771698,9c404bd1?w=1280",2023-10-03T04:35:46Z,,Neuhaus am Inn Irre Flucht im Landkreis Passau. Ein mutmaßlicher Schleuser hat mit 15 Migranten im Auto auf der Flucht vor einer Kontrolle einen Streifenwagen gerammt und seinen Wagen in eine Wiese g… [+933 chars],,de,'Flucht'
https://www.morgenpost.de/berlin/polizeibericht/article239720175/polizei-feuerwehr-berlin-polizeimeldungen-unfall-rauchwolke-210.html,https://www.morgenpost.de/berlin/polizeibericht/article239720175/polizei-feuerwehr-berlin-polizeimeldungen-unfall-rauchwolke-210.html,0,www.morgenpost.de,Blaulicht-News: Mutter versucht sich und Zweijährigen zu töten – Kind stirbt,"Die Polizei nahm einen Mann im Görlitzer Park fest, ein Mann wurde in Mitte auf der Flucht von einem Pkw erfasst – die Blaulicht-News im Blog.",https://img.morgenpost.de/img/berlin/crop239661225/1792602516-w820-cv16_9-q85/Blaulicht.jpg,2023-10-03T06:19:34Z,,<ul><li>Bei einem gescheiterten erweiterten Suizid starb ein Zweijähriger die Mutter überlebte</li><li>Ein Leichenfund in Südbrandenburg veranlasst die Polizei zu Mordermittlungen</li><li>In Brandenb… [+10649 chars],,de,'Flucht'
https://www.stern.de/politik/erstaufnahmeeinrichtung-fuer-fluechtlinge--haelfte-kommt-ueber-russland-und-belarus-33879600.html,https://www.stern.de/politik/erstaufnahmeeinrichtung-fuer-fluechtlinge--haelfte-kommt-ueber-russland-und-belarus-33879600.html,0,www.stern.de,Eisenhüttenstadt: Erstaufnahmeeinrichtung für Flüchtlinge: Hälfte kommt über Russland und Belarus,Für eine Flucht verlangen Schleuser mehrere tausend Euro von den Flüchtenden. Dabei ändern sie immer wieder ihre Routen – die neuste führt über Russland nach Deutschland.,https://image.stern.de/33879768/t/wD/v3/w1440/r1.7778/-/eisenhu-ttenstadt-flu-chtlinge.jpg,2023-10-03T06:44:47Z,,"Für eine Flucht verlangen Schleuser mehrere tausend Euro von den Flüchtenden. Dabei ändern sie immer wieder ihre Routen  die neuste führt über Russland nach Deutschland.
Direkt hinter der polnischen… [+3092 chars]",,de,'Flucht'
https://www.zeit.de/news/2023-10/03/wuest-in-litauen-freunde-gegen-druck-aus-russland-staerken,https://www.zeit.de/news/2023-10/03/wuest-in-litauen-freunde-gegen-druck-aus-russland-staerken,0,www.zeit.de,Internationales: Wüst in Litauen: Freunde gegen Druck aus Russland stärken,,,2023-10-03T08:21:44Z,,"When browsing with ads:
We collect personal data and also transmit it to third-party providers
 that help us improve and finance our digital content. Some of the information stored on your device, … [+821 chars]",,de,'Russland'
https://taz.de/Abkommen-zu-Migration/!5964351/,https://taz.de/Abkommen-zu-Migration/!5964351/,0,taz.de,Abkommen zu Migration: Tunesien lehnt EU-Finanzhilfe ab,"Die EU will 127 Millionen Euro dafür geben, die Flucht nach Europa einzudämmen. Doch Präsident Saied sieht darin einen Widerspruch zu früheren Absprachen.",https://taz.de/picture/6562416/948/33222887-1.jpeg,2023-10-03T08:44:00Z,,"Die EU will 127 Millionen Euro dafür geben, die Flucht nach Europa einzudämmen. Doch Präsident Saied sieht darin einen Widerspruch zu früheren Absprachen.
Da herrschte noch eitel Sonnenschein: Said … [+2130 chars]",,de,'Flucht'
https://www.bild.de/regional/ruhrgebiet/ruhrgebiet-aktuell/clan-kriminalitaet-ex-polizeichef-warnt-in-deutschen-staedten-drohen-bandenkrieg-85611050.bild.html,https://www.bild.de/regional/ruhrgebiet/ruhrgebiet-aktuell/clan-kriminalitaet-ex-polizeichef-warnt-in-deutschen-staedten-drohen-bandenkrieg-85611050.bild.html,0,www.bild.de,Ex-Polizeichef warnt  - In deutschen Großstädten drohen Bandenkriege,"Explosionen, Schießereien, Tote: Ein deutscher Ex-Polizeipräsident kennt Schwedens Gewalt-Problem. Er sagt: In zehn Jahren drohen uns ähnliche Verhältnisse","https://images.bild.de/651ab2f476f5fb74d0de3c1d/9c7c59241f5926393814266211c87a29,fda77510?w=1280",2023-10-03T08:52:23Z,,"Essen/Göteborg In Schweden eskaliert die Clan- und Bandenkriminalität, immer wieder kommt es zu Schießereien und Sprengstoff-Anschlägen. Undenkbar in Deutschland?
Keinesfalls, sagt Frank Richter (64… [+4707 chars]",,de,'Explosion'
https://www.zeit.de/zett/politik/2023-10/bergkarabach-flucht-armenien-gefluechtete-erfahrung,https://www.zeit.de/zett/politik/2023-10/bergkarabach-flucht-armenien-gefluechtete-erfahrung,0,www.zeit.de,"Flucht aus Bergkarabach: ""Wir haben gebetet, entweder gerettet oder alle zerbombt zu werden""",Mehr als 100.000 Menschen mussten aus Bergkarabach nach Armenien fliehen. Eine von ihnen ist die 25-jährige Armine Beglarian. Hier erzählt sie von ihrer Flucht.,,2023-10-03T09:05:10Z,,"When browsing with ads:
We collect personal data and also transmit it to third-party providers
 that help us improve and finance our digital content. Some of the information stored on your device, … [+821 chars]",,de,'Flucht'
https://www.dw.com/de/ukraine-aktuell-durchbruch-bei-getreide-verhandlungen/a-66985186,https://www.dw.com/de/ukraine-aktuell-durchbruch-bei-getreide-verhandlungen/a-66985186,0,www.dw.com,Ukraine aktuell: Durchbruch bei Getreide-Verhandlungen,"Im Streit um ukrainische Getreideexporte gibt es eine Einigung mit Polen. Der ukrainische Präsident nennt die angestrebte EU-Mitgliedschaft ""nur eine Frage der Zeit"". Ein Überblick.",https://static.dw.com/image/66882129_6.jpg,2023-10-03T10:55:00Z,,"Das Wichtigste in Kürze:
<ul><li>Warschau und Kiew einigen sich bei Getreideexporten </li><li>Selenskyj nennt EU-Mitgliedschaft ""nur eine Frage der Zeit""</li><li>Charkiw richtet unterirdische Schule… [+6278 chars]",,de,'Russland'
https://wien.orf.at/stories/3226742/,https://wien.orf.at/stories/3226742/,0,wien.orf.at,Dealer sprang auf Flucht in Donaukanal,Ein 18-jähriger mutmaßlicher Drogendealer ist auf der Flucht vor der Polizei in der Nacht auf Samstag in den Donaukanal gesprungen. Er wurde kurze Zeit später festgenommen.,https://ibs.orf.at/wie?image=https%3A%2F%2Foekastatic.orf.at%2Fmims%2F2022%2F23%2F88%2Fcrops%2Fw%3D1200%2Ch%3D627%2Cq%3D75%2F1372678_master_492588_roh_block_handelskai_43238_00_01_23_20.jpg%3Fs%3D3681f757ce0f81ee68c1d2231ddbb478dfafa83e,2023-10-03T11:07:48Z,,"Die Flucht währte nur kurz, nach dem Sprung in den Donaukanal wurde der Österreicher auf der anderen Seite in einem Innenhof in der Leopoldstadt mit Kokain und Ecstasy in der Tasche festgenommen. Zwe… [+572 chars]",,de,'Flucht'
https://www.n-tv.de/politik/Warschau-und-Kiew-einigen-sich-bei-Getreidehandel-article24438416.html,https://www.n-tv.de/politik/Warschau-und-Kiew-einigen-sich-bei-Getreidehandel-article24438416.html,0,www.n-tv.de,Litauen übernimmt Verantwortung: Warschau und Kiew einigen sich bei Getreidehandel,"Die Ukraine ist ein großer Getreide-Exporteur. Doch seit dem Angriff durch Russland sind die bisherigen Routen über das Meer blockiert. Um weiterhin auch Märkte in Afrika und dem Nahen Osten zu bedienen, einigen sich die Ukraine, Polen und Litauen auf neue Re…",https://bilder1.n-tv.de/img/incoming/crop24438400/4901326841-cImg_16_9-w1200/411142408.jpg,2023-10-03T11:55:52Z,,Die Ukraine ist ein großer Getreide-Exporteur. Doch seit dem Angriff durch Russland sind die bisherigen Routen über das Meer blockiert. Um weiterhin auch Märkte in Afrika und dem Nahen Osten zu bedie… [+1553 chars],,de,'Ukraine'
https://www.telepolis.de/features/Irak-Syrien-Afghanistan-Ukraine-Luftangriffe-wurden-fast-nie-strafrechtlich-verfolgt-9323931.html,https://www.telepolis.de/features/Irak-Syrien-Afghanistan-Ukraine-Luftangriffe-wurden-fast-nie-strafrechtlich-verfolgt-9323931.html,0,www.telepolis.de,"Irak, Syrien, Afghanistan, Ukraine: ""Luftangriffe wurden fast nie strafrechtlich verfolgt""","Bei einem Raketeneinschlag in der Ostukraine wurden viele Zivilisten getötet. Der Fall ist schwer zu untersuchen. Das liegt auch am Völkerrecht, erklärt Andreas Schüller.",https://heise.cloudimg.io/bound/1200x1200/q85.png-lossy-85.webp-lossy-85.foil1/_www-heise-de_/imgs/18/4/3/1/2/7/6/8/Kostiantynivka_after_missile_strike__2023-09-06__12_-5bc39f8102f6823a.jpeg,2023-10-03T12:00:00Z,,"Marktplatz von Kostjantyniwka nach dem Einschlag. Bild: National Police of Ukraine, CC BY 4.0 DEED
Bei einem Raketeneinschlag in der Ostukraine wurden viele Zivilisten getötet. Der Fall ist schwer z… [+3873 chars]",,de,'Russland'
https://www.sueddeutsche.de/politik/kriegswaffen-ruestungsexporte-auf-rekordhoehe-1.6269435,https://www.sueddeutsche.de/politik/kriegswaffen-ruestungsexporte-auf-rekordhoehe-1.6269435,0,www.sueddeutsche.de,Kriegswaffen: Rüstungsexporte auf Rekordhöhe,Vor allem wegen der milliardenschweren Waffenlieferungen in die Ukraine steuern die deutschen Rüstungsexporte in diesem Jahr auf einen Rekord zu. In den ersten...,https://www.sueddeutsche.de/assets/png/sz-ecb090256670a577bd629a9718686332.png,2023-10-03T12:07:58Z,,Vor allem wegen der milliardenschweren Waffenlieferungen in die Ukraine steuern die deutschen Rüstungsexporte in diesem Jahr auf einen Rekord zu. In den ersten drei Quartalen hat die Bundesregierung … [+713 chars],,de,'Ukraine'
https://burgenland.orf.at/stories/3226759/,https://burgenland.orf.at/stories/3226759/,0,burgenland.orf.at,Schlepperfahrzeug auf Flucht verunglückt,"In der vergangenen Nacht ist es auf der A6 zu einem Unfall mit einem Schlepperfahrzeug gekommen: Der mutmaßliche Schlepper, ein 20-jähriger Mann aus Pakistan, kam mit seinem Fahrzeug auf der Flucht vor der Polizei von der Straße ab. Drei Personen wurden dabei…",https://ibs.orf.at/bgl?image=https%3A%2F%2Foekastatic.orf.at%2Fmims%2F2022%2F53%2F39%2Fcrops%2Fw%3D1200%2Ch%3D627%2Cq%3D75%2F1624375_master_595939_221230_bh_gewaltschutzzentrum_00_00_38_15.jpg%3Fs%3D7a4eb5134d2913db6d67b1faeedc27890cdfc861,2023-10-03T12:31:27Z,,Gegen 22.30 Uhr fiel der slowakischen Polizei ein verdächtiges Fahrzeug mit ungarischen Kennzeichen auf. Der Lenker versuchte daraufhin zu flüchten und überquerte wenig später bei Kittsee die österre… [+1469 chars],,de,'Flucht'
https://www.tagesspiegel.de/internationales/wahl-in-der-slowakei-drittplatzierter-halt-sich-alle-optionen-offen-10564579.html,https://www.tagesspiegel.de/internationales/wahl-in-der-slowakei-drittplatzierter-halt-sich-alle-optionen-offen-10564579.html,0,www.tagesspiegel.de,Nach Wahl in der Slowakei: Drittplatzierter hält sich alle Optionen offen,"Von Peter Pellegrini hängt wohl die zukünftige Regierung ab, und damit die slowakische Unterstützung für die Ukraine. Der Sozialdemokrat will dazu nicht nur mit dem Wahlsieger Verhandlungen führen.",https://www.tagesspiegel.de/images/parlamentswahl-in-der-slowakei1/alternates/BASE_16_9_W1400/parlamentswahl-in-der-slowakei.jpeg,2023-10-03T12:42:25Z,,"Nach der Parlamentswahl in der Slowakei halten sich die drittplatzierten liberalen Sozialdemokraten als mögliche Königsmacher alle Optionen offen.
Der Vorsitzende der Partei Hlas-SD, Peter Pellegrin… [+1659 chars]",,de,'Russland'
https://www.focus.de/politik/zum-tag-der-deutschen-einheit-russland-schreibt-schulbuch-neu-nennt-wiedervereinigung-illegalen-anschluss_id_217725487.html,https://www.focus.de/politik/zum-tag-der-deutschen-einheit-russland-schreibt-schulbuch-neu-nennt-wiedervereinigung-illegalen-anschluss_id_217725487.html,0,www.focus.de,Zum Tag der Deutschen Einheit - Russland schreibt Schulbuch neu – nennt Wiedervereinigung „illegalen Anschluss“,Russische Elftklässler lernen demnächst eine neue Version deutscher Geschichte: „Im Oktober 1990 fand der Anschluss der Bundesrepublik an die DDR statt.“,https://p6.focus.de/img/fotos/id_217724712/imago0140495449h.jpg?im=Crop%3D%280%2C288%2C3464%2C1732%29%3BResize%3D%281200%2C627%29&impolicy=perceptual&quality=mediumHigh&hash=00d70d078dbd96a962694c1d10baf56062e53466a63f8f68c09e69a84ab1731b,2023-10-03T13:29:45Z,,Russische Elftklässler lernen demnächst eine neue Version deutscher Geschichte: Im Oktober 1990 fand der Anschluss der Bundesrepublik an die DDR statt.Während hierzulande der deutschen Wiedervereinig… [+2666 chars],,de,'Russland'
https://www.n-tv.de/politik/Armeniens-Parlament-stimmt-Strafgerichtshof-Beitritt-zu-article24438570.html,https://www.n-tv.de/politik/Armeniens-Parlament-stimmt-Strafgerichtshof-Beitritt-zu-article24438570.html,0,www.n-tv.de,Abkehr von Russland: Armeniens Parlament stimmt Strafgerichtshof-Beitritt zu,"Armenien fühlt sich in seiner territorialen Integrität von Aserbaidschan bedroht. Um Sicherheitsgarantien zu schaffen, beschließt das Kaukasusland nun den Beitritt zum Internationalen Strafgerichtshof. Das dürfte für Spannungen mit Moskau sorgen.",https://bilder3.n-tv.de/img/incoming/crop24438610/8851329672-cImg_16_9-w1200/imago0239999518h.jpg,2023-10-03T13:45:53Z,,"Armenien fühlt sich in seiner territorialen Integrität von Aserbaidschan bedroht. Um Sicherheitsgarantien zu schaffen, beschließt das Kaukasusland nun den Beitritt zum Internationalen Strafgerichtsho… [+2480 chars]",,de,'Russland'
https://www.bild.de/politik/ausland/politik-ausland/unterstuetzung-broeckelt-grosser-durchbruch-ukraine-analyse-von-paul-ronzheimer-85613690.bild.html,https://www.bild.de/politik/ausland/politik-ausland/unterstuetzung-broeckelt-grosser-durchbruch-ukraine-analyse-von-paul-ronzheimer-85613690.bild.html,0,www.bild.de,Unterstützung bröckelt - Ukraine-Analyse von Paul Ronzheimer,Der 20. Monat des russischen Angriffskrieges gegen die Ukraine: Gibt es  „Kriegsmüdigkeit“? Wie lange dauert dieser Krieg? Was macht der Westen?,"https://images.bild.de/651ae6fc7bf921627a210a04/a6dc74c8741e9a6fc2568035d5a3a832,6795692a?w=1280",2023-10-03T13:55:51Z,,"Als wir am Sonntag mal wieder die Grenze zur Ukraine überquert haben, jetzt in den 20. Monat des russischen Angriffskrieges kommen, habe ich mir mehrere Fragen gestellt:
 Gibt es eine Kriegsmüdigkei… [+4460 chars]",,de,'Russland'
https://www.dw.com/de/armenien-tritt-dem-internationalen-strafgerichtshof-bei/a-66988020,https://www.dw.com/de/armenien-tritt-dem-internationalen-strafgerichtshof-bei/a-66988020,0,www.dw.com,Armenien tritt dem Internationalen Strafgerichtshof bei,"Die Entscheidung des Parlaments in Eriwan ist zugleich eine Ohrfeige für Russland - eigentlich eine Schutzmacht Armeniens. Entsprechend ruppig fiel die Reaktion in Moskau aus, was beim Thema IStGH nicht verwundern kann.",https://static.dw.com/image/66988134_6.jpg,2023-10-03T13:56:00Z,,Das armenische Parlament hat einem von Russland scharf kritisierten Beitritt des Kaukasuslandes zum Internationalen Strafgerichtshof (IStGH) zugestimmt. Bei der online übertragenen Parlamentssitzung … [+3104 chars],,de,'Russland'
https://www.tagesspiegel.de/internationales/trotz-warnung-russlands-parlament-stimmt-fur-beitritt-zum-internationalen-strafgericht-10564879.html,https://www.tagesspiegel.de/internationales/trotz-warnung-russlands-parlament-stimmt-fur-beitritt-zum-internationalen-strafgericht-10564879.html,0,www.tagesspiegel.de,Trotz Warnung Russlands: Parlament Armeniens stimmt für Beitritt zum Internationalen Strafgericht,Lange Zeit galt Russland als Garant für Armeniens Sicherheit. Nach Aserbaidschans Militäroffensive in Bergkarabach sucht das Land nun „zusätzliche Garantien“.,https://www.tagesspiegel.de/images/azerbaijan-shusha-district-september-25-2023-a-sign-at-a-checkpoint-of-the-russian-peacekeeping-force-at-the-entran/alternates/BASE_16_9_W1400/azerbaijan-shusha-district---september-25-2023-a-sign-at-a-checkpoint-of-the-russian-peacekeeping-force-at-the-entran.jpeg,2023-10-03T13:56:08Z,,Das armenische Parlament hat am Dienstag einem von Russland scharf kritisierten Beitritt des Kaukasuslandes zum Internationalen Strafgerichtshof (IStGH) zugestimmt. Bei der online übertragenen Parlam… [+2726 chars],,de,'Russland'
https://www.sueddeutsche.de/politik/eu-ukraine-ukraine-hilfe-josep-borrell-dmytro-kuleba-1.6269582,https://www.sueddeutsche.de/politik/eu-ukraine-ukraine-hilfe-josep-borrell-dmytro-kuleba-1.6269582,0,www.sueddeutsche.de,"EU-Außenpolitik: Wo, bitte, geht's zur Front?","Seit Kriegsbeginn stellt sich die Europäische Union in bemerkenswerter Einigkeit gegen Russland. Doch es gibt Anzeichen, dass sich das ändern könnte. Die Zugfahrt der EU-Außenministerinnen und -minister nach Kiew sollte nun demonstrieren, dass Europa der Ukra…",https://www.sueddeutsche.de/image/sz.1.6269583/1200x675?v=1696342338,2023-10-03T14:12:22Z,,"Symbole sind zuweilen wichtig in der Politik. Und was könnte symbolhafter sein als eine Gruppe europäischer Außenministerinnen und Außenminister, die nach Polen fliegen, sich dort in den Nachtzug set… [+8735 chars]",,de,'Russland'
https://taz.de/EU-Aussenminister-in-der-Ukraine/!5964379/,https://taz.de/EU-Aussenminister-in-der-Ukraine/!5964379/,0,taz.de,EU-Außenminister in der Ukraine: Klassentreffen in Kyjiw,Beim Treffen der EU-Außenminister wurden keine Beschlüsse gefasst. Dafür gab es Diskussionen – etwa zum möglichen Beitritt der Ukraine in die Union.,https://taz.de/picture/6563801/948/33735045-1.jpeg,2023-10-03T15:15:00Z,,"Beim Treffen der EU-Außenminister wurden keine Beschlüsse gefasst. Dafür gab es Diskussionen etwa zum möglichen Beitritt der Ukraine in die Union.
Sieht die EU bald bis Luhansk: Bundesaußenministeri… [+3339 chars]",,de,'Ukraine'
https://www.stern.de/news/biden-telefoniert-mit-westlichen-verbuendeten-ueber-ukraine-hilfen-33880560.html,https://www.stern.de/news/biden-telefoniert-mit-westlichen-verbuendeten-ueber-ukraine-hilfen-33880560.html,0,www.stern.de,Biden telefoniert mit westlichen Verbündeten über Ukraine-Hilfen,"US-Präsident Joe Biden hat angesichts von Befürchtungen über künftige Hilfen für die Ukraine mit westlichen Verbündeten telefoniert. Das Weiße Haus erklärte am Dienstag, bei der Telefonschalte sei es darum gegangen, ""unsere anhaltende Unterstützung für die Uk…",https://image.stern.de/33880562/t/QA/v1/w1440/r1.7778/-/03--uspraesident-biden---1484d697deec1e1b.jpg,2023-10-03T15:47:26Z,,"US-Präsident Joe Biden hat angesichts von Befürchtungen über künftige Hilfen für die Ukraine mit westlichen Verbündeten telefoniert. Das Weiße Haus erklärte am Dienstag, bei der Telefonschalte sei es… [+1903 chars]",,de,'Russland'
https://www.n-tv.de/mediathek/videos/panorama/Gasleck-uebersehen-Explosion-zerlegt-ganzes-Wohngebaeude-article24440105.html,https://www.n-tv.de/mediathek/videos/panorama/Gasleck-uebersehen-Explosion-zerlegt-ganzes-Wohngebaeude-article24440105.html,0,www.n-tv.de,Versorger inspiziert falsches Haus: Gasleck übersehen - Explosion zerlegt ganzes Wohngebäude,"Anwohner in der US-Metropole Detroit verständigen ihren Energieversorger, weil sie Gas in ihrer Nachbarschaft riechen. Der entsendet zwar Kontrolleure, allerdings inspizieren die das falsche Gebäude. Kurz darauf wird das Viertel von einer Explosion erschütter…",https://bilder2.n-tv.de/img/incoming/crop24440181/9631322931-cImg_16_9-w1200/Explosion-zerlegt-Wohngebaude.jpg,2023-10-04T11:53:53Z,,,,de,'Explosion'
https://www.zeit.de/news/2023-10/04/raeuber-mit-wurf-eines-bierkastens-in-die-flucht-geschlagen,https://www.zeit.de/news/2023-10/04/raeuber-mit-wurf-eines-bierkastens-in-die-flucht-geschlagen,0,www.zeit.de,Düsseldorf: Räuber mit Wurf eines Bierkastens in die Flucht geschlagen,,,2023-10-04T12:18:20Z,,"When browsing with ads:
We collect personal data and also transmit it to third-party providers
 that help us improve and finance our digital content. Some of the information stored on your device, … [+821 chars]",,de,'Flucht'
https://www.zeit.de/news/2023-10/05/krokodil-skelett-in-paket-aus-russland-beschlagnahmt,https://www.zeit.de/news/2023-10/05/krokodil-skelett-in-paket-aus-russland-beschlagnahmt,0,www.zeit.de,Kurioses: Krokodil-Skelett in Paket aus Russland beschlagnahmt,,,2023-10-05T07:00:37Z,,"When browsing with ads:
We collect personal data and also transmit it to third-party providers
 that help us improve and finance our digital content. Some of the information stored on your device, … [+821 chars]",,de,'Russland'
https://www.zeit.de/news/2023-10/05/krokodil-skelett-in-paket-aus-russland-gefunden,https://www.zeit.de/news/2023-10/05/krokodil-skelett-in-paket-aus-russland-gefunden,0,www.zeit.de,Beschlagnahmung: Krokodil-Skelett in Paket aus Russland gefunden,,,2023-10-05T09:03:43Z,,"When browsing with ads:
We collect personal data and also transmit it to third-party providers
 that help us improve and finance our digital content. Some of the information stored on your device, … [+821 chars]",,de,'Russland'
https://www.focus.de/politik/ausland/ukraine-krise/putin-freundin-loest-aerger-im-kreml-mit-verstoerender-atombomben-ansage-aus_id_218521753.html,https://www.focus.de/politik/ausland/ukraine-krise/putin-freundin-loest-aerger-im-kreml-mit-verstoerender-atombomben-ansage-aus_id_218521753.html,0,www.focus.de,„Rückkehr ins Jahr 1993!“ - Putin-Freundin löst Ärger im Kreml mit verstörender Atombomben-Ansage aus,"Die Chefredakteurin des russischen Fernsehsenders RT, Margarita Simonjan, sorgt mit einem Video für Aufsehen. In diesem fordert die Propagandistin den Abwurf einer Atombombe über Sibirien. Nicht nur der Kreml reagiert empört.",https://p6.focus.de/img/regional/koeln/id_218521739/russlands-praesident-wladimir-putin-und-die-rt-chefredakteurin-margarita-simonjan-archivbild-aus-dem-jahr-2016-..jpg?im=Crop%3D%280%2C27%2C1444%2C723%29%3BResize%3D%281200%2C627%29&impolicy=perceptual&quality=mediumHigh&hash=d72efdeec79bfab96dddea2cc2cd73f35af953cea2ed533074a20ddb5a65fb32,2023-10-05T09:06:15Z,,"Die Chefredakteurin des russischen Fernsehsenders RT, Margarita Simonjan, sorgt mit einem Video für Aufsehen. In diesem fordert die Propagandistin den Abwurf einer Atombombe über Sibirien. Nicht nur … [+3880 chars]",,de,'Putin'
https://www.zeit.de/news/2023-10/05/isw-russland-verlegt-schiffe-der-schwarzmeerflotte,https://www.zeit.de/news/2023-10/05/isw-russland-verlegt-schiffe-der-schwarzmeerflotte,0,www.zeit.de,Nach ukrainischen Angriffen: ISW: Russland verlegt Schiffe der Schwarzmeerflotte,,,2023-10-05T12:40:42Z,,"When browsing with ads:
We collect personal data and also transmit it to third-party providers
 that help us improve and finance our digital content. Some of the information stored on your device, … [+821 chars]",,de,'Russland'
https://www.diepresse.com/17719646/als-putins-propagandistin-simonjan-in-sibirien-die-atombombe-zuenden-wollte,https://www.diepresse.com/17719646/als-putins-propagandistin-simonjan-in-sibirien-die-atombombe-zuenden-wollte,0,www.diepresse.com,Als Putins Propagandistin Simonjan in Sibirien die Atombombe zünden wollte [premium],"RT-Chefin Margarita Simonjan wird für ihre Äußerungen zurecht kritisiert. Doch am vom Kreml ausgegebenen Ziel, dass Russland den Ukraine-Krieg um jeden Preis gewinnen muss, wagt niemand zu rütteln.",https://img.diepresse.com/public/incoming/6x7g26-RUSSIA-BRITAINRT/alternates/DPR_SOCIAL_MAGAZIN_PAID/RUSSIA-BRITAINRT,2023-10-05T14:59:05Z,,"RT-Chefin Margarita Simonjan wird für ihre Äußerungen zurecht kritisiert. Doch am vom Kreml ausgegebenen Ziel, dass Russland den Ukraine-Krieg um jeden Preis gewinnen muss, wagt niemand zu rütteln.
… [+2366 chars]",,de,'Putin'
https://www.n-tv.de/politik/16-19-Praesidentin-Wagner-Gruppe-soll-Putsch-in-Moldau-versucht-haben--article23143824.html,https://www.n-tv.de/politik/16-19-Praesidentin-Wagner-Gruppe-soll-Putsch-in-Moldau-versucht-haben--article23143824.html,0,www.n-tv.de,Ukraine-Krieg im Liveticker: +++ 16:19 Präsidentin: Wagner-Gruppe soll Putsch in Moldau versucht haben +++,Lesen Sie alle aktuellen Entwicklungen und Nachrichten über den russischen Angriffskrieg auf die Ukraine im Liveticker von ntv.de.,https://bilder2.n-tv.de/img/incoming/crop23332537/9041326157-cImg_16_9-w1200/Liveticker1-grau-1-Kopie.jpg,2023-10-05T23:10:00Z,,"Nach Aussagen der Präsidentin der Republik Moldau, Maia Sandu, soll es einen vereitelten Putschversuch der Söldnergruppe des verstorbenen Wagner-Chefs Jewgeni Prigoschin in dem osteuropäischen Land g… [+21736 chars]",,de,'Ukraine'
https://www.n-tv.de/politik/21-31-Wagner-Gruppe-kaufte-offenbar-Satellitenbilder-in-China--article23143824.html,https://www.n-tv.de/politik/21-31-Wagner-Gruppe-kaufte-offenbar-Satellitenbilder-in-China--article23143824.html,0,www.n-tv.de,Ukraine-Krieg im Liveticker: +++ 21:31 Wagner-Gruppe kaufte offenbar Satellitenbilder in China +++,Lesen Sie alle aktuellen Entwicklungen und Nachrichten über den russischen Angriffskrieg auf die Ukraine im Liveticker von ntv.de.,https://bilder2.n-tv.de/img/incoming/crop23332537/9041326157-cImg_16_9-w1200/Liveticker1-grau-1-Kopie.jpg,2023-10-05T23:10:00Z,,Kurz vor dem gescheiterten Aufstand der Wagner-Söldner um Jewgeni Prigoschin soll die Gruppe Satellitendaten von einem chinesischen Unternehmen gekauft haben. Dies berichtet die Nachrichtenagentur AF… [+28488 chars],,de,'Ukraine'
https://www.n-tv.de/politik/22-40-Steinmeier-und-Biden-machen-Schulterschluss--article23143824.html,https://www.n-tv.de/politik/22-40-Steinmeier-und-Biden-machen-Schulterschluss--article23143824.html,0,www.n-tv.de,Ukraine-Krieg im Liveticker: +++ 22:40 Steinmeier und Biden machen Schulterschluss +++,Lesen Sie alle aktuellen Entwicklungen und Nachrichten über den russischen Angriffskrieg auf die Ukraine im Liveticker von ntv.de.,https://bilder2.n-tv.de/img/incoming/crop23332537/9041326157-cImg_16_9-w1200/Liveticker1-grau-1-Kopie.jpg,2023-10-05T23:10:00Z,,"Bundespräsident Frank-Walter Steinmeier und US-Präsident Joe Biden betonen die engen Beziehungen zwischen Deutschland und den USA. ""Unsere Partnerschaft ist unverzichtbar für unser Streben, globale H… [+29785 chars]",,de,'Ukraine'
https://www.n-tv.de/politik/07-10-Ukraine-meldet-erneut-Angriff-auf-Region-Charkiw--article23143824.html,https://www.n-tv.de/politik/07-10-Ukraine-meldet-erneut-Angriff-auf-Region-Charkiw--article23143824.html,0,www.n-tv.de,Ukraine-Krieg im Liveticker: +++ 07:10 Ukraine meldet erneut Angriff auf Region Charkiw +++,Lesen Sie alle aktuellen Entwicklungen und Nachrichten über den russischen Angriffskrieg auf die Ukraine im Liveticker von ntv.de.,https://bilder2.n-tv.de/img/incoming/crop23332537/9041326157-cImg_16_9-w1200/Liveticker1-grau-1-Kopie.jpg,2023-10-05T23:10:00Z,,"Die Ukraine meldet erneut einen russischen Angriff auf die Region Charkiw. In den frühen Morgenstunden seien drei Zivilisten bei einem Angriff auf die Stadt Charkiw verletzt worden, schreibt Gouverne… [+6973 chars]",,de,'Ukraine'
https://www.n-tv.de/politik/14-53-Orban-bremst-in-EU-Beitrittsdebatte-der-Ukraine--article23143824.html,https://www.n-tv.de/politik/14-53-Orban-bremst-in-EU-Beitrittsdebatte-der-Ukraine--article23143824.html,0,www.n-tv.de,Ukraine-Krieg im Liveticker: +++ 14:53 Orban bremst in EU-Beitrittsdebatte der Ukraine +++,Lesen Sie alle aktuellen Entwicklungen und Nachrichten über den russischen Angriffskrieg auf die Ukraine im Liveticker von ntv.de.,https://bilder2.n-tv.de/img/incoming/crop23332537/9041326157-cImg_16_9-w1200/Liveticker1-grau-1-Kopie.jpg,2023-10-05T23:10:00Z,,"Ungarns Ministerpräsident Viktor Orban bremst in der EU-Debatte über die Aufnahme von Beitrittsgesprächen mit der Ukraine. ""Wir hatten noch nie den Beitritt eines Landes, das sich im Krieg befindet"",… [+19743 chars]",,de,'Ukraine'
https://www.n-tv.de/politik/11-02-Schoigu-weist-Aufruestung-bei-Kampfjets-an--article23143824.html,https://www.n-tv.de/politik/11-02-Schoigu-weist-Aufruestung-bei-Kampfjets-an--article23143824.html,0,www.n-tv.de,Ukraine-Krieg im Liveticker: +++ 11:02 Schoigu weist Aufrüstung bei Kampfjets an +++,Lesen Sie alle aktuellen Entwicklungen und Nachrichten über den russischen Angriffskrieg auf die Ukraine im Liveticker von ntv.de.,https://bilder2.n-tv.de/img/incoming/crop23332537/9041326157-cImg_16_9-w1200/Liveticker1-grau-1-Kopie.jpg,2023-10-05T23:10:00Z,,"Der russische Verteidigungsminister Sergej Schoigu fordert eine erhöhte Produktion von Kampfjets zur Verstärkung von Russlands Krieg in der Ukraine. Diese Kampfflugzeuge vom Typ Su-34 hätten ""am meis… [+13681 chars]",,de,'Ukraine'
… [+2999 chars],,de,'Explosion',,,,,,,,,
