,phrase,label,sentiment,subjectivity,language,count
Ukraine,Ukraine,LOC,0.0018299549549549439,0.06156156156156157,de,888
Russland,Russland,LOC,-0.07786052009456265,0.03829787234042553,de-DE,705
Deutschland,Deutschland,LOC,0.060479166666666674,0.11583333333333332,de,400
Washington,Washington,LOC,0.008610271903323263,0.0,de,331
Br\u00fcssel,Br\u00fcssel,LOC,0.0,0.0,de,322
Kiew,Kiew,LOC,-0.05765550239234448,0.014354066985645933,de,209
Cherson,Cherson,LOC,-0.06280991735537189,0.03581267217630854,de,121
Russlands,Russlands,LOC,-0.07991071428571428,0.047619047619047616,de,112
Berlin,Berlin,LOC,-0.0161764705882353,0.06372549019607843,de,102
Europa,Europa,LOC,-0.029861111111111102,0.10763888888888888,de-DE,96
Moskau,Moskau,LOC,-0.14734042553191487,0.02127659574468085,de,94
Polen,Polen,LOC,0.109375,0.0,de,80
USA,USA,LOC,-0.07632034632034633,0.021645021645021644,de-DE,77
China,China,LOC,-0.12246153846153846,0.07692307692307693,de,65
Deutschlands,Deutschlands,LOC,0.15625,0.1875,de,64
Audioinhalten,Audioinhalten,LOC,0.7000000000000005,0.0,de,63
"Podcasts
","Podcasts
",LOC,0.7000000000000005,0.0,de,63
Kreml,Kreml,LOC,-0.13297872340425534,0.0425531914893617,de,47
Selenskyj,Selenskyj,LOC,-0.01153846153846152,0.0,de,39
Europas,Europas,LOC,-0.06842105263157894,0.13157894736842105,de,38
Großbritannien,Großbritannien,LOC,-0.033823529411764704,0.0,de,34
Bayern,Bayern,LOC,-0.1096774193548387,0.0967741935483871,de,31
Belarus,Belarus,LOC,0.05645161290322582,0.06451612903225806,de,31
Iran,Iran,LOC,-0.02666666666666667,0.05,de,30
Frankreich,Frankreich,LOC,0.03218390804597701,0.057471264367816084,de,29
Russland.,Russland.,LOC,-0.08571428571428572,0.21428571428571427,de,28
Ukraine-Krieg,Ukraine-Krieg,LOC,-0.06249999999999999,0.0,de,28
Staaten,Staaten,LOC,-0.07037037037037035,0.12962962962962962,de,27
Landes,Landes,LOC,-0.05,0.038461538461538464,de,26
Türkei,Türkei,LOC,-0.08076923076923076,0.0,de,26
den USA,den USA,LOC,0.09130434782608694,0.043478260869565216,de,23
Stadt,Stadt,LOC,0.002272727272727275,0.06818181818181818,de,22
Raketeneinschlag,Raketeneinschlag,LOC,-0.01190476190476191,0.023809523809523808,de,21
Kiews,Kiews,LOC,0.014999999999999996,0.025,de,20
Hamburg,Hamburg,LOC,-0.15,0.0,de,20
Ukraine-Kriegs,Ukraine-Kriegs,LOC,-0.28500000000000003,0.05,de,20
Polens,Polens,LOC,0.022499999999999985,0.0,de,20
Paris,Paris,LOC,0.12,0.025,de,20
Ostsee,Ostsee,LOC,0.12631578947368421,0.0,de,19
London,London,LOC,-0.1763157894736842,0.07894736842105263,de,19
Bali,Bali,LOC,0.14736842105263157,0.0,de,19
Donezk,Donezk,LOC,-0.03333333333333334,0.0,de,18
Krim,Krim,LOC,-0.1111111111111111,0.0,de,18
Privacy Center,Privacy Center,LOC,0.0,0.0,de,17
Deutschland.,Deutschland.,LOC,0.14999999999999997,0.125,de,16
Charkiw,Charkiw,LOC,-0.04375,0.0,de,16
Istanbul,Istanbul,LOC,-0.18125000000000002,0.0625,de,16
Donbass,Donbass,LOC,-0.23125,0.125,de,16
München,München,LOC,0.0875,0.0,de,16
NRW,NRW,LOC,0.15,0.3,de,15
US-Präsident,US-Präsident,LOC,-0.2,0.0,de,15
…,…,LOC,0.18000000000000002,0.0,de,15
Ostukraine,Ostukraine,LOC,0.13999999999999999,0.06666666666666667,de,15
Sachsen-Anhalt,Sachsen-Anhalt,LOC,-0.08666666666666667,0.0,de,15
US-Regierung,US-Regierung,LOC,0.11904761904761905,0.0,de,14
Warschau,Warschau,LOC,0.07499999999999998,0.10714285714285714,de,14
Hessen,Hessen,LOC,-0.049999999999999996,0.14285714285714285,de,14
Saporischschja,Saporischschja,LOC,-0.15714285714285717,0.10714285714285714,de,14
Russen,Russen,LOC,-0.1064102564102564,0.16666666666666666,de,13
Norwegen,Norwegen,LOC,0.23461538461538464,0.0,de,13
Brüssel,Brüssel,LOC,0.10769230769230768,0.0,de,13
Italien,Italien,LOC,0.29230769230769227,0.0,de,13
Bund,Bund,LOC,-0.0346153846153846,0.0,de,13
Bachmut,Bachmut,LOC,-0.15384615384615385,0.15384615384615385,de,13
Schweden,Schweden,LOC,0.08333333333333333,0.0,de,12
Südafrika,Südafrika,LOC,-0.08333333333333333,0.16666666666666666,de,12
Kiew.,Kiew.,LOC,-0.05833333333333333,0.0,de,12
Dnipro,Dnipro,LOC,0.05833333333333333,0.08333333333333333,de,12
Frankreichs,Frankreichs,LOC,0.0,0.0,de,11
Österreich,Österreich,LOC,0.06363636363636363,0.0,de,11
Chinas,Chinas,LOC,-0.05454545454545456,0.0,de,11
Atomkraftwerk Saporischschja,Atomkraftwerk Saporischschja,LOC,0.0,0.0,de,11
Nordrhein-Westfalen,Nordrhein-Westfalen,LOC,0.018181818181818177,0.045454545454545456,de,11
Australien,Australien,LOC,0.054545454545454536,0.045454545454545456,de,11
Moldau,Moldau,LOC,-0.23500000000000001,0.0,de,10
Estland,Estland,LOC,-0.13,0.4,de,10
Moskau.,Moskau.,LOC,-0.2,0.1,de,10
Krim-Brücke,Krim-Brücke,LOC,-0.7,0.0,de,10
Frankfurt,Frankfurt,LOC,0.11666666666666664,0.05555555555555555,de,9
Schweiz,Schweiz,LOC,0.15555555555555556,0.0,de,9
AKW Saporischschja,AKW Saporischschja,LOC,0.23333333333333328,0.0,de,9
Sachsens,Sachsens,LOC,0.0,0.0,de,9
Dänemark,Dänemark,LOC,-0.2222222222222222,0.0,de,9
Teheran,Teheran,LOC,0.175,0.125,de,8
der Schweiz,der Schweiz,LOC,0.0,0.0,de,8
Lützerath,Lützerath,LOC,0.16875,0.25,de,8
Sachsen,Sachsen,LOC,0.26249999999999996,0.125,de,8
Afghanistan,Afghanistan,LOC,-0.008333333333333331,0.10416666666666666,de,8
New York,New York,LOC,0.0875,0.0,de,8
Indonesien,Indonesien,LOC,0.175,0.0,de,8
Indien,Indien,LOC,0.25,0.125,de,8
Spanien,Spanien,LOC,0.26249999999999996,0.0,de,8
Briten,Briten,LOC,-0.0875,0.0,de,8
Jerusalem,Jerusalem,LOC,0.0,0.0,de,7
Peißenberg,Peißenberg,LOC,-0.14285714285714285,0.0,de,7
Bayerns,Bayerns,LOC,-0.042857142857142864,0.14285714285714285,de,7
Slowakei,Slowakei,LOC,0.29999999999999993,0.0,de,7
Düsseldorf,Düsseldorf,LOC,0.12142857142857143,0.0,de,7
Alpen,Alpen,LOC,0.14285714285714285,0.0,de,7
Katar,Katar,LOC,-0.38571428571428573,0.0,de,7
Qualitätsartikel,Qualitätsartikel,LOC,-1.0,0.0,de,7
Finnland,Finnland,LOC,-0.14285714285714285,0.0,de,7
Niedersachsen,Niedersachsen,LOC,0.09999999999999999,0.0,de,7
Essener,Essener,LOC,0.0,0.2857142857142857,de,7
Ukraine?,Ukraine?,LOC,-0.09999999999999999,0.0,de,7
Haidach,Haidach,LOC,0.0,0.0,de,7
Strompreisbremse,Strompreisbremse,LOC,-0.21666666666666667,0.0,de,6
England,England,LOC,-0.11666666666666665,0.16666666666666666,de,6
Moskauer,Moskauer,LOC,-0.16666666666666666,0.0,de,6
Ägypten,Ägypten,LOC,-0.4166666666666667,0.25,de,6
Kosovo,Kosovo,LOC,0.0,0.0,de,6
Österreichs,Österreichs,LOC,-0.2583333333333333,0.0,de,6
Armenien,Armenien,LOC,-0.2333333333333333,0.0,de,6
Ukraine:,Ukraine:,LOC,0.0,0.0,de,6
Oberösterreich,Oberösterreich,LOC,0.0,0.16666666666666666,de,6
Przewodów,Przewodów,LOC,0.2333333333333333,0.16666666666666666,de,6
Ungarn,Ungarn,LOC,-0.3333333333333333,0.0,de,6
Irland,Irland,LOC,-0.6666666666666666,0.0,de,6
Peking,Peking,LOC,0.10833333333333334,0.25,de,6
Kiewer,Kiewer,LOC,-0.25,0.08333333333333333,de,6
Straße,Straße,LOC,0.4666666666666666,0.16666666666666666,de,6
Region Donezk,Region Donezk,LOC,-0.16666666666666666,0.0,de,6
Wien,Wien,LOC,0.0,0.0,de,6
Bremen,Bremen,LOC,-0.3833333333333333,0.0,de,6
Oslo,Oslo,LOC,0.16666666666666666,0.0,de,6
Drohnenangriffen,Drohnenangriffen,LOC,0.0,0.0,de,6
Lingen,Lingen,LOC,0.375,0.0,de,6
Republik Moldau,Republik Moldau,LOC,0.0,0.0,de,6
Brandenburg,Brandenburg,LOC,0.11666666666666665,0.0,de,6
Essen,Essen,LOC,0.0,0.0,de,6
Amerikaner,Amerikaner,LOC,0.0,0.6666666666666666,de,6
Nordsee,Nordsee,LOC,-0.45,0.0,de,6
Bukarest,Bukarest,LOC,0.16666666666666666,0.16666666666666666,de,6
Nord-Stream-Pipelines,Nord-Stream-Pipelines,LOC,0.11666666666666665,0.16666666666666666,de,6
Energie-Infrastruktur,Energie-Infrastruktur,LOC,-0.16666666666666666,0.5,de,6
Israel,Israel,LOC,0.2333333333333333,0.0,de,6
Ukraine.,Ukraine.,LOC,0.0,0.0,de,5
Moskaus,Moskaus,LOC,0.06000000000000001,0.0,de,5
Saudi-Arabien,Saudi-Arabien,LOC,-0.27999999999999997,0.0,de,5
bayerischen Alpen,bayerischen Alpen,LOC,0.0,0.0,de,5
Istanbuler,Istanbuler,LOC,-0.2906666666666667,0.2,de,5
Dachau,Dachau,LOC,0.0,0.2,de,5
Litauen,Litauen,LOC,0.0,0.0,de,5
Winter.,Winter.,LOC,0.48999999999999994,0.0,de,5
Belgorod,Belgorod,LOC,-0.2,0.0,de,5
Ukraine-Update am Abend,Ukraine-Update am Abend,LOC,0.22000000000000003,0.0,de,5
Niedersachsens,Niedersachsens,LOC,-0.4,0.2,de,5
Bundesrepublik,Bundesrepublik,LOC,-0.030000000000000006,0.2,de,5
Statistische Bundesamt,Statistische Bundesamt,LOC,0.13999999999999999,0.0,de,5
Zentrum der Stadt,Zentrum der Stadt,LOC,0.0,0.0,de,5
Odessa,Odessa,LOC,0.0,0.2,de,5
Marokko,Marokko,LOC,-0.26,0.0,de,5
Nordrhein-Westfalens,Nordrhein-Westfalens,LOC,-0.77,0.0,de,5
Prag,Prag,LOC,-0.27999999999999997,0.0,de,5
Gebiet Donezk,Gebiet Donezk,LOC,-0.2,0.0,de,5
Mecklenburg-Vorpommern,Mecklenburg-Vorpommern,LOC,0.0,0.6,de,5
Lecks,Lecks,LOC,-0.13999999999999999,0.0,de,5
Putin,Putin,LOC,-0.2,0.0,de,5
Schwarze Meer,Schwarze Meer,LOC,0.0,0.0,de,5
Ukraine-Update am Morgen,Ukraine-Update am Morgen,LOC,-0.30999999999999994,0.0,de,5
Donbass.,Donbass.,LOC,-0.13999999999999999,0.0,de,5
Scholz,Scholz,LOC,0.06666666666666667,0.0,de-DE,5
Luhansk,Luhansk,LOC,0.27999999999999997,0.2,de,5
Ukrainekrieg,Ukrainekrieg,LOC,-0.175,0.0,de,4
Alten Synagoge,Alten Synagoge,LOC,0.0,0.0,de,4
Wärmestuben,Wärmestuben,LOC,0.0,0.0,de,4
Ungarns,Ungarns,LOC,0.25,0.25,de,4
Berlins,Berlins,LOC,0.175,0.0,de,4
Hamburg.,Hamburg.,LOC,0.0,0.0,de,4
ukrainische Regierung,ukrainische Regierung,LOC,-0.175,0.0,de,4
Lützerath.,Lützerath.,LOC,-0.5,0.0,de,4
Freitagabend.,Freitagabend.,LOC,0.0,0.0,de,4
Münster,Münster,LOC,-0.175,0.0,de,4
Kanada,Kanada,LOC,-0.175,0.0,de,4
Corona,Corona,LOC,0.0,0.0,de,4
Cherson.,Cherson.,LOC,-0.675,0.0,de,4
Landkreis Ebersberg,Landkreis Ebersberg,LOC,0.0,0.5,de,4
Emsland,Emsland,LOC,0.2125,0.0,de,4
Thüringen,Thüringen,LOC,0.25,0.0,de,4
Stromausfällen,Stromausfällen,LOC,0.0,0.0,de,4
Leipzig,Leipzig,LOC,0.0,0.0,de,4
Rheinland-Pfalz,Rheinland-Pfalz,LOC,-0.35,0.0,de,4
Jemen,Jemen,LOC,-0.175,0.0,de,4
Bonn,Bonn,LOC,-0.175,0.0,de,4
Oleksii,Oleksii,LOC,0.175,0.0,de,4
A9,A9,LOC,0.25,0.0,de,4
Vatikan,Vatikan,LOC,0.0,0.0,de,4
Kurden,Kurden,LOC,-0.5,0.0,de,4
Ukrainischer,Ukrainischer,LOC,0.2125,0.0,de,4
Teuerungswelle,Teuerungswelle,LOC,0.0,0.0,de,4
Sulzbach,Sulzbach,LOC,-0.175,0.0,de,4
Landkreis Weilheim-Schongau,Landkreis Weilheim-Schongau,LOC,0.0,0.0,de,4
Russland +++,Russland +++,LOC,0.175,0.25,de,4
Schleswig-Holstein.,Schleswig-Holstein.,LOC,-0.175,0.0,de,4
Balkan.,Balkan.,LOC,0.0,0.0,de,4
Statistischen Bundesamts,Statistischen Bundesamts,LOC,-0.35,0.0,de,4
Syrien,Syrien,LOC,-0.07500000000000001,0.0,de,4
Litauens,Litauens,LOC,0.0,0.0,de,4
Live-Ticker:,Live-Ticker:,LOC,-0.07500000000000001,0.0,de,4
St. Pölten,St. Pölten,LOC,0.0,0.0,de,4
Deutsche Wetterdienst,Deutsche Wetterdienst,LOC,0.15000000000000002,0.0,de,4
Verbraucherpreise,Verbraucherpreise,LOC,0.175,0.0,de,4
Donbass +++,Donbass +++,LOC,0.0,0.0,de,3
Indonesiens,Indonesiens,LOC,0.0,0.0,de,3
Zentrum Istanbuls,Zentrum Istanbuls,LOC,0.0,0.0,de,3
Gasspeicherverband,Gasspeicherverband,LOC,0.0,0.0,de,3
Hamburg-Jenfeld,Hamburg-Jenfeld,LOC,0.0,0.0,de,3
Heizen,Heizen,LOC,0.0,0.0,de,3
Ukraine-News am Freitag:,Ukraine-News am Freitag:,LOC,-0.5166666666666666,0.0,de,3
Arosa,Arosa,LOC,0.0,0.0,de,3
Vereinigten Arabischen Emiraten,Vereinigten Arabischen Emiraten,LOC,0.0,0.0,de,3
Montafon,Montafon,LOC,0.0,0.3333333333333333,de,3
Donnerstag:,Donnerstag:,LOC,-0.3333333333333333,0.0,de,3
Majdal Shams,Majdal Shams,LOC,0.0,0.0,de,3
Millionen,Millionen,LOC,0.0,0.0,de,3
EU-Gipfel,EU-Gipfel,LOC,-0.3333333333333333,0.0,de,3
Schleswig-Holsteins,Schleswig-Holsteins,LOC,-0.2333333333333333,0.0,de,3
Belarus.,Belarus.,LOC,0.6666666666666666,0.0,de,3
Gas-Lieferungen,Gas-Lieferungen,LOC,0.0,0.0,de,3
Halle,Halle,LOC,-0.2333333333333333,0.0,de-DE,3
Buffalo,Buffalo,LOC,0.2333333333333333,0.0,de,3
Ankara,Ankara,LOC,-0.3333333333333333,0.0,de,3
Ukraine-News am Dienstag:,Ukraine-News am Dienstag:,LOC,0.0,0.3333333333333333,de,3
Selenskyj-Berater,Selenskyj-Berater,LOC,0.2333333333333333,0.0,de,3
Main-Taunus-Zentrum,Main-Taunus-Zentrum,LOC,-0.2333333333333333,0.0,de,3
Ostdeutschland,Ostdeutschland,LOC,-0.2333333333333333,0.6666666666666666,de,3
Kreml-Diktator,Kreml-Diktator,LOC,-0.3333333333333333,0.0,de,3
Bulgarien,Bulgarien,LOC,0.2333333333333333,0.0,de,3
Großraum Jerusalem,Großraum Jerusalem,LOC,-1.0,0.0,de,3
A72,A72,LOC,0.4666666666666666,0.0,de,3
Ukrainerin,Ukrainerin,LOC,-0.3333333333333333,0.0,de,3
MV,MV,LOC,-0.2333333333333333,0.0,de,3
Lwiw,Lwiw,LOC,-0.3333333333333333,0.0,de,3
Windreicher,Windreicher,LOC,0.3499999999999999,0.5,de,3
deutsche Staat,deutsche Staat,LOC,-0.3333333333333333,0.0,de,3
Paris.,Paris.,LOC,0.0,0.0,de,3
San Francisco,San Francisco,LOC,-0.3333333333333333,0.3333333333333333,de,3
Usbekistan,Usbekistan,LOC,0.3,0.3333333333333333,de,3
Kasachstan,Kasachstan,LOC,0.0,0.3333333333333333,de,3
AKW Saporischschja.,AKW Saporischschja.,LOC,-0.4666666666666666,0.0,de,3
Thailand,Thailand,LOC,-0.2833333333333333,0.0,de,3
Vereinigten Staaten,Vereinigten Staaten,LOC,0.16666666666666666,0.16666666666666666,de,3
Reinickendorf,Reinickendorf,LOC,0.3333333333333333,0.0,de,3
Italiens,Italiens,LOC,-0.6666666666666666,0.0,de,3
Rom,Rom,LOC,0.0,0.0,de,3
Stockholm,Stockholm,LOC,0.0,0.0,de,3
Mengen,Mengen,LOC,0.0,0.3333333333333333,de,3
Südostasien,Südostasien,LOC,0.2333333333333333,0.0,de,3
Mobilisierungswelle,Mobilisierungswelle,LOC,0.0,0.0,de,3
Thüringens,Thüringens,LOC,0.0,0.0,de,3
Ampel-Fraktionen,Ampel-Fraktionen,LOC,0.0,0.0,de,3
Paderborn,Paderborn,LOC,0.0,1.0,de,3
Algerien,Algerien,LOC,0.4666666666666666,0.0,de,3
Levi,Levi,LOC,0.6666666666666666,0.0,de,3
Main-Taunus-Kreis,Main-Taunus-Kreis,LOC,0.0,0.0,de,3
Atomtests,Atomtests,LOC,-0.6999999999999998,0.0,de,3
Georgien,Georgien,LOC,0.0,0.3333333333333333,de,3
Japan,Japan,LOC,-0.3333333333333333,0.3333333333333333,de,3
Südukraine,Südukraine,LOC,-0.2833333333333333,0.0,de,3
Vilnius,Vilnius,LOC,0.0,0.0,de,3
Schleswig-Holstein,Schleswig-Holstein,LOC,0.0,0.0,de,3
Tschechien,Tschechien,LOC,0.0,0.0,de,3
Xi,Xi,LOC,0.3333333333333333,0.0,de,3
US-Außenminister,US-Außenminister,LOC,0.6666666666666666,0.0,de,3
Genf,Genf,LOC,0.0,0.6666666666666666,de,3
Weiße Haus,Weiße Haus,LOC,0.3333333333333333,0.0,de,3
Zentralrussland,Zentralrussland,LOC,0.3333333333333333,0.0,de,3
Südafrikas,Südafrikas,LOC,0.0,0.0,de,3
Israels,Israels,LOC,0.6666666666666666,0.0,de,3
Oberhausen,Oberhausen,LOC,-0.6666666666666666,0.0,de,3
Sewastopol,Sewastopol,LOC,0.0,0.0,de,3
Wetter: Schnee,Wetter: Schnee,LOC,0.0,0.0,de,3
Forstenrieder Park,Forstenrieder Park,LOC,0.0,1.0,de,3
Corona-Krise,Corona-Krise,LOC,0.3499999999999999,0.0,de,3
Brüssel.,Brüssel.,LOC,-0.1111111111111111,0.0,de,3
Hessens,Hessens,LOC,-0.2333333333333333,0.0,de,3
Köln,Köln,LOC,0.39999999999999997,0.3333333333333333,de,3
Dortmund,Dortmund,LOC,0.0,0.0,de,3
Ukraine: AKW Saporischschja,Ukraine: AKW Saporischschja,LOC,0.0,0.0,de,3
Chinesen,Chinesen,LOC,0.6666666666666666,0.0,de,3
Dienstag.,Dienstag.,LOC,0.0,0.0,de,3
Chersons,Chersons,LOC,0.0,0.0,de,3
Landtag,Landtag,LOC,0.3333333333333333,0.0,de,3
Energiespardebatten,Energiespardebatten,LOC,-0.10000000000000002,0.0,de,3
Madrid,Madrid,LOC,0.0,0.0,de,3
Ostseeküste,Ostseeküste,LOC,0.0,0.0,de,3
Kernkraftwerk Saporischschja,Kernkraftwerk Saporischschja,LOC,0.0,0.0,de,3
Cherson:,Cherson:,LOC,-0.10000000000000002,0.0,de,3
Belgrad,Belgrad,LOC,0.0,0.0,de,3
Weserbergland,Weserbergland,LOC,0.0,1.0,de,3
Lettland,Lettland,LOC,-0.6666666666666666,0.0,de,3
Cherson +++,Cherson +++,LOC,-0.10000000000000002,0.0,de,3
Litauen.,Litauen.,LOC,0.0,0.0,de,3
Griechenland,Griechenland,LOC,0.4666666666666666,0.0,de,3
Äthiopien,Äthiopien,LOC,0.2333333333333333,0.0,de,3
Montag.,Montag.,LOC,0.0,0.0,de,2
Aserbaidschan,Aserbaidschan,LOC,-0.35,0.0,de,2
Explosionen.,Explosionen.,LOC,0.0,0.0,de,2
Bosnien und Herzegowina,Bosnien und Herzegowina,LOC,0.0,0.0,de,2
Schwarzmeer-Halbinsel,Schwarzmeer-Halbinsel,LOC,-0.925,0.0,de,2
türkische Regierung,türkische Regierung,LOC,-0.5,0.0,de,2
Nordsyrien,Nordsyrien,LOC,-0.85,0.0,de,2
Brasilien,Brasilien,LOC,0.0,0.0,de,2
Bremer,Bremer,LOC,0.0,0.5,de,2
Meer,Meer,LOC,0.0,0.0,de,2
vereinigten Deutschland.,vereinigten Deutschland.,LOC,0.7,0.0,de,2
Istanbul.,Istanbul.,LOC,0.0,0.0,de,2
Westdeutschland,Westdeutschland,LOC,0.0,1.0,de,2
Globus,Globus,LOC,0.0,0.0,de,2
Ukraine-Liveticker: Deutschland,Ukraine-Liveticker: Deutschland,LOC,-0.5,0.0,de,2
Bundesnetzagentur,Bundesnetzagentur,LOC,0.0,0.0,de,2
Steiermark,Steiermark,LOC,0.85,0.0,de,2
London: Russland,London: Russland,LOC,0.0,0.0,de,2
Munster,Munster,LOC,0.0,0.0,de,2
Energieeffizienz,Energieeffizienz,LOC,0.0,0.0,de,2
Istanbuler Innenstadt,Istanbuler Innenstadt,LOC,-0.5,0.5,de,2
Statistische Bundesamt am Freitag,Statistische Bundesamt am Freitag,LOC,0.0,0.0,de,2
Slowenien,Slowenien,LOC,0.0,0.0,de,2
Boomregion,Boomregion,LOC,0.7,0.0,de,2
Ski-Saison,Ski-Saison,LOC,0.0,0.0,de,2
Oleksij,Oleksij,LOC,0.5,0.5,de,2
Schwarzen Meer,Schwarzen Meer,LOC,-0.35,0.0,de,2
Vielerorts,Vielerorts,LOC,0.7,0.0,de,2
Salzburg,Salzburg,LOC,0.0,0.5,de,2
Minustemperaturen,Minustemperaturen,LOC,0.0,0.0,de,2
St…,St…,LOC,0.35,0.0,de,2
Saporischschja +++,Saporischschja +++,LOC,-0.35,0.0,de,2
Istiklal-Straße,Istiklal-Straße,LOC,-1.0,0.0,de,2
Erde,Erde,LOC,0.0,0.0,de,2
Russland-Hoch,Russland-Hoch,LOC,0.6,0.25,de,2
Schäftlarn,Schäftlarn,LOC,0.0,1.0,de,2
Oberkappel,Oberkappel,LOC,0.0,0.0,de,2
Fast-Food-Restaurants,Fast-Food-Restaurants,LOC,-1.0,0.0,de,2
Afrika,Afrika,LOC,0.175,0.75,de,2
Hannover,Hannover,LOC,-1.0,0.0,de,2
Baden-Württemberg,Baden-Württemberg,LOC,0.0,0.0,de,2
Preis-Explosion,Preis-Explosion,LOC,0.0,0.0,de,2
Neufahrn,Neufahrn,LOC,0.0,1.0,de,2
Oberbayern,Oberbayern,LOC,-0.5,0.0,de,2
Oberbayern!,Oberbayern!,LOC,0.0,0.0,de,2
Oberhaching,Oberhaching,LOC,0.7,0.0,de,2
Giesinger Autobahn,Giesinger Autobahn,LOC,0.7,0.0,de,2
München.,München.,LOC,0.0,0.0,de,2
Luxusprodukten,Luxusprodukten,LOC,0.0,0.0,de,2
Luftlandetruppe im Donbass,Luftlandetruppe im Donbass,LOC,0.0,0.0,de,2
Emobilität,Emobilität,LOC,0.8999999999999999,0.0,de,2
Elite-Verstärkungen,Elite-Verstärkungen,LOC,0.0,0.0,de,2
Snihuriwka,Snihuriwka,LOC,0.0,0.0,de,2
Schiffskontrollen.,Schiffskontrollen.,LOC,0.0,0.0,de,2
Tierhäuser,Tierhäuser,LOC,0.0,0.0,de,2
Schulschwimmbad,Schulschwimmbad,LOC,-0.35,0.0,de,2
d…,d…,LOC,0.0,0.0,de,2
Neustadt bei Coburg,Neustadt bei Coburg,LOC,1.0,0.0,de,2
Schwerin/Karlsruhe.,Schwerin/Karlsruhe.,LOC,0.0,0.0,de,2
Wetter: Erneut Schnee,Wetter: Erneut Schnee,LOC,0.0,0.0,de,2
Weßling,Weßling,LOC,1.0,0.0,de,2
Marl,Marl,LOC,0.0,0.0,de,2
Marl-Polsum,Marl-Polsum,LOC,-0.35,0.0,de,2
M23,M23,LOC,0.0,0.0,de,2
Kongo,Kongo,LOC,0.0,0.0,de,2
Riesenknall,Riesenknall,LOC,0.0,0.0,de,2
Sharm El-Sheikh,Sharm El-Sheikh,LOC,0.0,0.0,de,2
Bundeskartellamt,Bundeskartellamt,LOC,0.0,0.0,de,2
Braunkohletagebau Garzweiler II,Braunkohletagebau Garzweiler II,LOC,0.0,0.0,de,2
Hochdruckgebiet,Hochdruckgebiet,LOC,-0.7,0.0,de,2
Strafkolonie,Strafkolonie,LOC,0.0,0.0,de,2
Wowtschansk,Wowtschansk,LOC,0.15000000000000002,0.0,de,2
Plauen,Plauen,LOC,0.0,0.0,de,2
EU-Innenminister,EU-Innenminister,LOC,0.0,0.0,de,2
Samstag.,Samstag.,LOC,0.0,0.0,de,2
Ruka,Ruka,LOC,0.0,0.0,de,2
Slowene,Slowene,LOC,0.0,0.0,de,2
Österreicher,Österreicher,LOC,0.0,0.0,de,2
Gilching.,Gilching.,LOC,0.0,1.0,de,2
Leipzig.,Leipzig.,LOC,0.0,0.0,de,2
Energiekrise,Energiekrise,LOC,0.5,0.0,de,2
Energie-Krise,Energie-Krise,LOC,0.0,0.0,de,2
Scharm,Scharm,LOC,0.0,0.0,de,2
Duisburger,Duisburger,LOC,0.0,1.0,de,2
Pakistan,Pakistan,LOC,0.0,0.0,de,2
Díaz-Canel,Díaz-Canel,LOC,0.0,0.0,de,2
Front-Durchbrüche,Front-Durchbrüche,LOC,0.0,0.0,de,2
G 20,G 20,LOC,0.0,0.0,de,2
Outdoor-Branche,Outdoor-Branche,LOC,0.0,0.0,de,2
Albanien.,Albanien.,LOC,0.0,1.0,de,2
englischen Küste,englischen Küste,LOC,0.0,1.0,de,2
Köln:,Köln:,LOC,0.0,0.0,de,2
Wetter:,Wetter:,LOC,-0.35,0.0,de,2
Oberleitungsinseln.,Oberleitungsinseln.,LOC,0.0,0.0,de,2
Brüsseler,Brüsseler,LOC,0.0,0.0,de,2
Russland:,Russland:,LOC,0.0,0.0,de,2
Essen.,Essen.,LOC,0.0,0.0,de,2
Hochsauerland,Hochsauerland,LOC,0.0,0.0,de,2
Skiliftkarussell Winterberg,Skiliftkarussell Winterberg,LOC,0.0,0.0,de,2
Lieferkettenprobleme,Lieferkettenprobleme,LOC,-0.35,0.0,de,2
Bosporus,Bosporus,LOC,0.0,0.0,de,2
Persischen Golf,Persischen Golf,LOC,0.0,0.0,de,2
Bautzen,Bautzen,LOC,0.0,0.0,de,2
Sumy,Sumy,LOC,-0.5,0.0,de,2
Tallinn,Tallinn,LOC,0.0,0.0,de,2
"Kiew
","Kiew
",LOC,-0.7,0.0,de,2
Ellwangen,Ellwangen,LOC,0.0,1.0,de,2
Nordkorea,Nordkorea,LOC,-0.175,0.0,de,2
Lichtermeer.,Lichtermeer.,LOC,0.0,0.0,de,2
Ukraine-Krieg: Bayern,Ukraine-Krieg: Bayern,LOC,0.0,0.0,de,2
St. Petersburg,St. Petersburg,LOC,0.425,0.0,de,2
Britische Regierung,Britische Regierung,LOC,0.0,0.0,de,2
Wahnsinns-Preisspirale,Wahnsinns-Preisspirale,LOC,0.0,0.0,de,2
Wartungsmodus.,Wartungsmodus.,LOC,0.0,1.0,de,2
Kulmbach,Kulmbach,LOC,0.0,0.0,de,2
Chemnitz,Chemnitz,LOC,0.0,0.0,de,2
Mittelmeer,Mittelmeer,LOC,-0.85,0.0,de,2
Weida,Weida,LOC,0.0,0.0,de,2
Ukraine-Flüchtlinge,Ukraine-Flüchtlinge,LOC,0.0,1.0,de,2
Cherson +++ Tschetschenenchef Kadyrow,Cherson +++ Tschetschenenchef Kadyrow,LOC,-0.15000000000000002,0.0,de,2
Landkreisen,Landkreisen,LOC,0.0,0.0,de,2
Gemeinde,Gemeinde,LOC,0.0,0.0,de,2
Holzhausen,Holzhausen,LOC,0.0,0.0,de,2
A44,A44,LOC,-0.5,0.0,de,2
Odessa.,Odessa.,LOC,0.0,0.0,de,2
Kaprun,Kaprun,LOC,0.5,0.0,de,2
Südkorea,Südkorea,LOC,-0.35,0.0,de,2
Mykolajiw,Mykolajiw,LOC,0.0,0.0,de,2
Technigaz,Technigaz,LOC,0.0,0.0,de,2
Freising,Freising,LOC,0.0,0.0,de,2
Erding,Erding,LOC,0.0,0.0,de,2
GTT,GTT,LOC,0.0,0.0,de,2
Lubmin,Lubmin,LOC,0.125,0.0,de,2
Deutscjland.,Deutscjland.,LOC,1.0,0.0,de,2
Rehden,Rehden,LOC,0.0,0.0,de,2
Chisinau,Chisinau,LOC,-0.5,0.0,de,2
Moldaus,Moldaus,LOC,-1.0,0.0,de,2
Statistischen Bundesamtes,Statistischen Bundesamtes,LOC,0.0,0.0,de,2
fünfmaliger,fünfmaliger,LOC,0.0,0.0,de,2
Hallwang,Hallwang,LOC,-0.7,0.0,de,2
Finnlands,Finnlands,LOC,0.0,1.0,de,2
Land,Land,LOC,-0.85,0.0,de,2
Ostseebad,Ostseebad,LOC,0.125,0.0,de,2
Jerusalem.,Jerusalem.,LOC,0.0,0.0,de,2
Tschechen,Tschechen,LOC,0.0,0.0,de,2
Tausenden Wärmestuben,Tausenden Wärmestuben,LOC,0.0,0.0,de,2
Qatar.,Qatar.,LOC,-0.18333333333333332,0.0,de,2
Dublin,Dublin,LOC,0.0,0.0,de,2
Mannheim,Mannheim,LOC,0.0,0.0,de,2
Söldnergruppe Wagner,Söldnergruppe Wagner,LOC,0.0,1.0,de,2
ungarische Regierung,ungarische Regierung,LOC,0.0,0.0,de,2
Dienstagabend.,Dienstagabend.,LOC,0.0,0.0,de,2
Kiew/Moskau.,Kiew/Moskau.,LOC,0.0,0.0,de,2
Kiew:,Kiew:,LOC,0.0,0.0,de,2
Strand,Strand,LOC,1.0,0.0,de,2
Sachsen-Anhalts,Sachsen-Anhalts,LOC,0.0,0.0,de,2
Sauerland,Sauerland,LOC,-0.35,0.0,de,2
Evakuiert,Evakuiert,LOC,0.0,0.0,de,2
Argentinien,Argentinien,LOC,0.0,0.0,de,2
Energieinfrastuktur,Energieinfrastuktur,LOC,0.0,0.0,de,2
Bergischen Land,Bergischen Land,LOC,-0.35,0.0,de,2
Nord-Stream-1-Pipeline,Nord-Stream-1-Pipeline,LOC,-0.85,0.0,de,2
Kinder-Folterkammern,Kinder-Folterkammern,LOC,0.0,0.5,de,2
Nord-Stream-Lecks,Nord-Stream-Lecks,LOC,0.0,0.0,de,2
Göppingen,Göppingen,LOC,0.7,0.0,de,2
XXL-Europagipfel,XXL-Europagipfel,LOC,-0.7,0.0,de,2
Luxemburg.,Luxemburg.,LOC,0.0,0.0,de,2
Ampel-Partner,Ampel-Partner,LOC,-1.0,0.0,de,2
Bornholm,Bornholm,LOC,0.0,0.5,de,2
Ukraine-General,Ukraine-General,LOC,-0.75,0.0,de,2
Tölzer Stadtklinik,Tölzer Stadtklinik,LOC,-0.7,0.0,de,2
Polen:,Polen:,LOC,0.0,0.0,de,2
Preisschock.,Preisschock.,LOC,0.0,0.0,de,2
Umentscheidungen,Umentscheidungen,LOC,1.0,0.0,de,2
Teherans,Teherans,LOC,0.0,0.0,de,2
Schwierig,Schwierig,LOC,0.0,0.0,de,2
Awdijiwka,Awdijiwka,LOC,0.0,0.0,de,2
Russische Verteidigungsanlage,Russische Verteidigungsanlage,LOC,0.0,0.0,de,2
Bayern.,Bayern.,LOC,0.0,0.0,de,2
Küste Bornholms.,Küste Bornholms.,LOC,0.35,0.5,de,2
Mittelmeer.,Mittelmeer.,LOC,0.0,1.0,de,2
Ukraine-News,Ukraine-News,LOC,0.35,0.0,de,2
Irkutsk,Irkutsk,LOC,-1.0,0.0,de,2
Kyiv,Kyiv,LOC,0.0,0.0,de,2
Westbalkan,Westbalkan,LOC,0.0,1.0,de,2
Großbritanniens,Großbritanniens,LOC,0.0,0.0,de,2
EU-Einreisen,EU-Einreisen,LOC,0.0,1.0,de,2
Ulan,Ulan,LOC,-1.0,0.0,de,2
Petersburger,Petersburger,LOC,-1.0,0.0,de,2
Saarland,Saarland,LOC,-0.7,0.0,de,2
Wetter: Erster Schnee,Wetter: Erster Schnee,LOC,0.0,0.0,de,2
Weißrussland,Weißrussland,LOC,0.15000000000000002,0.0,de,2
Fürstenfeldbruck,Fürstenfeldbruck,LOC,0.0,0.0,de,2
Mittelkanal,Mittelkanal,LOC,0.0,0.0,de,2
Buche.,Buche.,LOC,0.0,0.0,de,2
Stadt Dachau,Stadt Dachau,LOC,0.0,0.0,de,2
Bundesanwaltschaft,Bundesanwaltschaft,LOC,0.0,0.0,de,2
Detroit.,Detroit.,LOC,0.0,0.0,de,2
Wetter: Erster,Wetter: Erster,LOC,0.0,0.0,de,2
Weihnachts-Evangelium,Weihnachts-Evangelium,LOC,0.0,0.0,de,2
Inflationskrise,Inflationskrise,LOC,0.7,0.0,de,2
Offshore-Windparks,Offshore-Windparks,LOC,0.0,1.0,de,2
Flüssigerdgas-Terminals,Flüssigerdgas-Terminals,LOC,-0.5,0.0,de,2
Selenskyj.,Selenskyj.,LOC,-0.15000000000000002,0.0,de,2
Grafschaft East Sussex,Grafschaft East Sussex,LOC,0.0,0.0,de,2
Eiskratzen,Eiskratzen,LOC,0.12499999999999997,0.41666666666666663,de,2
Gelsenkirchen,Gelsenkirchen,LOC,0.0,0.0,de,2
Swatowe,Swatowe,LOC,0.0,0.0,de,2
Niederösterreich,Niederösterreich,LOC,0.5,0.0,de,2
Tausende,Tausende,LOC,-0.15000000000000002,0.0,de,2
Teuer-Winter,Teuer-Winter,LOC,0.7,0.0,de,2
"Sarajevo, Tuzla","Sarajevo, Tuzla",LOC,0.0,0.0,de,2
Banja Luka,Banja Luka,LOC,0.0,0.0,de,2
Reißleine,Reißleine,LOC,-0.7,0.0,de,2
Putin-Schergen,Putin-Schergen,LOC,0.0,0.0,de,2
Braunkohlekraftwerk Jänschwalde,Braunkohlekraftwerk Jänschwalde,LOC,0.0,0.0,de,2
bayerischen Bergen,bayerischen Bergen,LOC,-0.7,0.0,de,2
Kalte,Kalte,LOC,-0.35,0.0,de,2
Angriffen,Angriffen,LOC,0.0,0.0,de,2
Kohlekompromiss,Kohlekompromiss,LOC,0.175,0.5,de,2
Burkina Faso,Burkina Faso,LOC,0.7,0.0,de,2
Russland: Duma,Russland: Duma,LOC,-0.35,0.0,de,2
Japaner,Japaner,LOC,0.7,0.0,de,2
BeschÃ¤ftigten,BeschÃ¤ftigten,LOC,-0.7,0.0,de,2
Balkan: Ethnische Spannungen:,Balkan: Ethnische Spannungen:,LOC,0.0,0.0,de,2
Sangerhausen,Sangerhausen,LOC,0.0,0.0,de,2
Erfurt-Bindersleben,Erfurt-Bindersleben,LOC,0.0,0.0,de,2
Autobahn 71,Autobahn 71,LOC,0.0,0.0,de,2
Europa?,Europa?,LOC,0.0,0.0,de,2
Erfurt: Schnee,Erfurt: Schnee,LOC,0.0,0.0,de,2
Ostseegrund,Ostseegrund,LOC,0.0,0.4,de,2
Isar,Isar,LOC,0.0,0.0,de,2
Pekings,Pekings,LOC,0.0,0.0,de,2
Mittelkalibermunition,Mittelkalibermunition,LOC,0.0,0.0,de,2
Beschäftigungsrückgang.,Beschäftigungsrückgang.,LOC,0.0,0.0,de,2
Neuschnee am Wochenende,Neuschnee am Wochenende,LOC,-0.7,0.0,de,2
Asien,Asien,LOC,0.0,0.0,de,2
Ukraine-Krieges,Ukraine-Krieges,LOC,0.175,0.2,de,2
Vize-Außenminister,Vize-Außenminister,LOC,0.35,0.0,de,2
Flüssiggasterminals,Flüssiggasterminals,LOC,0.0,0.5,de,2
Pipeline Nord Stream 2,Pipeline Nord Stream 2,LOC,0.0,0.0,de,2
Kuba,Kuba,LOC,0.0,0.0,de,2
Frontnähe,Frontnähe,LOC,0.0,0.0,de,2
Mittwochabend.,Mittwochabend.,LOC,0.0,0.0,de,2
Twitter-Investor,Twitter-Investor,LOC,-0.5,0.0,de,2
Grünstrom-Startup,Grünstrom-Startup,LOC,-0.5,0.0,de,2
Bruttostromverbrauchs,Bruttostromverbrauchs,LOC,0.0,0.0,de,2
Nord Stream:,Nord Stream:,LOC,-0.5,0.0,de,2
el Scheich,el Scheich,LOC,0.0,0.0,de,2
Agora,Agora,LOC,0.0,0.0,de,2
"Ukraine
","Ukraine
",LOC,-1.0,0.0,de,2
Athen,Athen,LOC,0.35,0.0,de,2
Jahresverbrauchs,Jahresverbrauchs,LOC,0.0,1.0,de,2
Corona-Jahren,Corona-Jahren,LOC,0.0,0.0,de,2
Kabul,Kabul,LOC,0.0,0.0,de,2
Wiesbaden,Wiesbaden,LOC,0.0,0.0,de,2
Islamabad,Islamabad,LOC,0.0,0.0,de,2
Kühlungsborn,Kühlungsborn,LOC,0.0,0.0,de,2
Düsseldorf.,Düsseldorf.,LOC,0.0,0.0,de,2
Oblast Donezk,Oblast Donezk,LOC,0.0,0.0,de,2
Höxter.,Höxter.,LOC,0.0,0.0,de,2
Molli-Zuges,Molli-Zuges,LOC,0.0,0.0,de,2
Kreis Paderborn,Kreis Paderborn,LOC,0.0,0.0,de,2
Dortmund.,Dortmund.,LOC,0.0,0.0,de,2
britische Regierung,britische Regierung,LOC,0.0,0.0,de,2
Ahrtal: 2022,Ahrtal: 2022,LOC,0.0,0.0,de,2
Kindercamp,Kindercamp,LOC,0.0,0.0,de,2
Wilhelmshaven,Wilhelmshaven,LOC,-0.7166666666666667,0.0,de,2
Allerstedt,Allerstedt,LOC,0.35,0.0,de,2
Hermsdorfer Kreuz,Hermsdorfer Kreuz,LOC,0.5,0.0,de,2
Kaiserpfalz,Kaiserpfalz,LOC,0.35,0.0,de,2
Schleudern.,Schleudern.,LOC,0.0,0.0,de,2
Beiersdorf-Vorstandschef,Beiersdorf-Vorstandschef,LOC,0.0,0.0,de,2
Beiersdorf,Beiersdorf,LOC,0.0,0.0,de,2
Ukraine: Warum,Ukraine: Warum,LOC,-0.5,0.0,de,2
Materialengpässen,Materialengpässen,LOC,0.35,0.5,de,2
Ukraine-News am Donnerstag:,Ukraine-News am Donnerstag:,LOC,0.0,0.0,de,2
Katars Industrial Area,Katars Industrial Area,LOC,0.0,0.0,de,2
Hörnli,Hörnli,LOC,-0.35,0.0,de,2
Bundesfinanzministerium,Bundesfinanzministerium,LOC,0.0,0.0,de,2
Greiz: Schnee,Greiz: Schnee,LOC,0.0,0.0,de,2
LNG-Terminals,LNG-Terminals,LOC,0.0,0.0,de-DE,2
Korjukiwka,Korjukiwka,LOC,0.0,0.0,de,2
Königreich,Königreich,LOC,-1.0,0.0,de,2
Freien,Freien,LOC,0.175,0.25,de,2
Atomreaktor,Atomreaktor,LOC,0.35,0.4,de,2
Toda,Toda,LOC,0.0,0.0,de,2
Kernkraftwerk Emsland,Kernkraftwerk Emsland,LOC,-0.7,0.0,de,2
G20-Gipels,G20-Gipels,LOC,0.7,0.0,de,2
Ostdeutsche,Ostdeutsche,LOC,0.0,0.5,de,2
Dorf Prz…,Dorf Prz…,LOC,0.0,0.0,de,2
Planegger Pharma-Großhandel Sanacorp,Planegger Pharma-Großhandel Sanacorp,LOC,-0.7,0.0,de,2
Geizen,Geizen,LOC,0.0,0.0,de,2
Schneeregen.,Schneeregen.,LOC,0.0,0.0,de,2
Energiepreisbremsen,Energiepreisbremsen,LOC,0.0,0.0,de,2
Bussen,Bussen,LOC,-0.5,0.0,de,2
Salzgitter,Salzgitter,LOC,0.0,0.0,de,2
Kreistags,Kreistags,LOC,0.7,0.0,de,2
Küste,Küste,LOC,0.35,0.0,de,2
Schwedens,Schwedens,LOC,0.0,0.0,de,2
Krim +++,Krim +++,LOC,0.35,0.0,de,2
Glasgow,Glasgow,LOC,0.0,0.0,de,2
Wismar,Wismar,LOC,0.0,0.0,de,2
Kasseler,Kasseler,LOC,0.0,0.0,de,2
Sachalin,Sachalin,LOC,0.0,0.0,de,2
Amerikanern,Amerikanern,LOC,1.0,0.0,de,2
Bundeswehr-Decken,Bundeswehr-Decken,LOC,-1.0,0.0,de,2
Stuttgart,Stuttgart,LOC,-0.6625,0.0,de,2
Bangl,Bangl,LOC,0.0,0.0,de,2
Bangkok,Bangkok,LOC,0.0,0.0,de,2
Melitopol,Melitopol,LOC,0.0,0.0,de,2
Ratzeburg: Warum,Ratzeburg: Warum,LOC,0.0,0.0,de,1
Post,Post,LOC,0.7,0.0,de,1
Ukraine-Krieg: Wärmestuben,Ukraine-Krieg: Wärmestuben,LOC,0.0,0.0,de,1
Terrorismus-Unterstützer,Terrorismus-Unterstützer,LOC,0.0,0.0,de,1
Westukraine,Westukraine,LOC,1.0,0.0,de,1
Ukraine-News am Samstag,Ukraine-News am Samstag,LOC,-0.7,0.0,de,1
Schneesturm,Schneesturm,LOC,0.7,0.0,de,1
Tübingen: Mutmaßlicher,Tübingen: Mutmaßlicher,LOC,0.0,0.0,de,1
Umweltbundesamt,Umweltbundesamt,LOC,0.0,0.0,de,1
Gebiet Luhansk,Gebiet Luhansk,LOC,0.7,0.0,de,1
Auswärtigem Amt,Auswärtigem Amt,LOC,0.0,0.0,de,1
Abwehrstellungen,Abwehrstellungen,LOC,0.0,1.0,de,1
Kolumbiens,Kolumbiens,LOC,-0.7,0.0,de,1
Truppenpräsenz,Truppenpräsenz,LOC,0.7,0.0,de,1
Kriegsbloggern,Kriegsbloggern,LOC,0.0,1.0,de,1
Moldawien,Moldawien,LOC,0.7,0.0,de,1
Ukraine-Überblick: Stromversorgung,Ukraine-Überblick: Stromversorgung,LOC,-0.7,0.0,de,1
Sachalin.,Sachalin.,LOC,0.0,0.0,de,1
Naja.,Naja.,LOC,0.0,0.0,de,1
Freistaat k…,Freistaat k…,LOC,0.0,0.0,de,1
Lambrecht,Lambrecht,LOC,0.0,0.0,de,1
Baden-Württemberg.,Baden-Württemberg.,LOC,0.0,0.0,de,1
Wetter: Schnee und Regen,Wetter: Schnee und Regen,LOC,0.0,0.0,de,1
Unterweißenbach,Unterweißenbach,LOC,0.0,0.0,de,1
Kiew: Was den Menschen in,Kiew: Was den Menschen in,LOC,0.7,0.0,de,1
Münchner S-Bahn-Stammstrecke,Münchner S-Bahn-Stammstrecke,LOC,0.0,0.0,de,1
Apec-Gipfel,Apec-Gipfel,LOC,0.0,0.0,de,1
russische Regierung Ernst: Jegliche,russische Regierung Ernst: Jegliche,LOC,0.0,0.0,de,1
Stammstrecke.,Stammstrecke.,LOC,0.0,0.0,de,1
Wetter: DWD:,Wetter: DWD:,LOC,0.0,0.0,de,1
Kernkraftwerk Fukushima Daiichi.,Kernkraftwerk Fukushima Daiichi.,LOC,0.0,0.0,de,1
Tokio,Tokio,LOC,-1.0,0.0,de,1
Cochem.,Cochem.,LOC,0.0,0.0,de,1
russische Regierung Ernst: Jegliche posit…,russische Regierung Ernst: Jegliche posit…,LOC,0.0,0.0,de,1
Cochem-Zell: Unbekannte,Cochem-Zell: Unbekannte,LOC,0.0,0.0,de,1
Hessen.,Hessen.,LOC,0.0,0.0,de,1
Ungarn: Europaparlament,Ungarn: Europaparlament,LOC,0.0,0.0,de,1
Zweitimpfungen,Zweitimpfungen,LOC,0.7,0.0,de,1
Offenbach am Sonntag,Offenbach am Sonntag,LOC,0.0,0.0,de,1
Uno-Klimakonferenz,Uno-Klimakonferenz,LOC,0.0,0.0,de,1
Omas Häuschen?,Omas Häuschen?,LOC,0.0,0.0,de,1
Krimannexion,Krimannexion,LOC,0.0,0.0,de,1
Ölpreisdeckel,Ölpreisdeckel,LOC,0.0,0.0,de,1
Ukraine: Heftige Kämpfe,Ukraine: Heftige Kämpfe,LOC,-0.7,0.0,de,1
Nato-Partners,Nato-Partners,LOC,0.0,0.0,de,1
Vereinigte Königreic…,Vereinigte Königreic…,LOC,0.0,0.0,de,1
daheim,daheim,LOC,0.0,0.0,de,1
Tagesspiegel-Newsletter Checkpoint,Tagesspiegel-Newsletter Checkpoint,LOC,0.0,1.0,de,1
Meloni: Italien,Meloni: Italien,LOC,0.0,0.0,de,1
Wetter: Schnee in Teilen,Wetter: Schnee in Teilen,LOC,0.0,0.0,de,1
Salzburger Landesgericht,Salzburger Landesgericht,LOC,-0.7,0.0,de,1
Nukleartechnologiemesse Atomexpo,Nukleartechnologiemesse Atomexpo,LOC,0.0,0.0,de,1
Düsseldorfer Wohnungskonzern,Düsseldorfer Wohnungskonzern,LOC,0.0,0.0,de,1
AKW Sapori…,AKW Sapori…,LOC,-0.7,0.0,de,1
Freistaat,Freistaat,LOC,0.0,0.0,de,1
Statistische Bundesamt am Mittwoch,Statistische Bundesamt am Mittwoch,LOC,0.0,0.0,de,1
Lupe.,Lupe.,LOC,0.0,0.0,de,1
Fakten-Check: Bekommt,Fakten-Check: Bekommt,LOC,0.0,0.0,de,1
… Bayern,… Bayern,LOC,0.0,0.0,de,1
ul><li>20:37,ul><li>20:37,LOC,-1.0,0.0,de,1
Israel: Explosionen,Israel: Explosionen,LOC,0.0,0.0,de,1
Strom-Ausfälle,Strom-Ausfälle,LOC,0.0,0.0,de,1
Luftalarm,Luftalarm,LOC,0.0,0.0,de,1
Glättegefahr,Glättegefahr,LOC,0.0,0.0,de,1
Düsseldorf/Augustdorf,Düsseldorf/Augustdorf,LOC,0.0,0.0,de,1
Russland: Verschärfter Kurs,Russland: Verschärfter Kurs,LOC,-0.7,0.0,de,1
Halle/Saale,Halle/Saale,LOC,0.0,1.0,de,1
Augustdorf,Augustdorf,LOC,0.0,1.0,de,1
Terror-Sponsor +++ London:,Terror-Sponsor +++ London:,LOC,0.0,0.0,de,1
Kraftwerk Saporisc…,Kraftwerk Saporisc…,LOC,1.0,0.0,de,1
Moskauer Patriarchats</li><li>EU,Moskauer Patriarchats</li><li>EU,LOC,0.0,0.0,de,1
britische Innenministerium,britische Innenministerium,LOC,0.0,0.0,de,1
Patriot-Systemen</li><li>,Patriot-Systemen</li><li>,LOC,-0.15000000000000002,0.0,de,1
Booten,Booten,LOC,0.0,0.0,de,1
Frierender Nawalny,Frierender Nawalny,LOC,0.0,0.0,de,1
Ärmelkanal,Ärmelkanal,LOC,0.0,0.0,de,1
Republik,Republik,LOC,0.0,0.0,de,1
Rosatom,Rosatom,LOC,-0.7,0.0,de,1
Hafens Noworossijsk,Hafens Noworossijsk,LOC,0.0,0.0,de,1
Öldepots,Öldepots,LOC,0.0,0.0,de,1
Preisgalopp,Preisgalopp,LOC,0.0,1.0,de,1
Kiew?,Kiew?,LOC,0.0,0.0,de,1
Sturmböen,Sturmböen,LOC,0.0,0.0,de,1
Kräftiger Regen von,Kräftiger Regen von,LOC,0.0,0.0,de,1
Befreites Dorf,Befreites Dorf,LOC,1.0,0.0,de,1
Downing Street 10,Downing Street 10,LOC,0.85,0.0,de,1
Archanhelske,Archanhelske,LOC,0.0,0.0,de,1
Downing Street,Downing Street,LOC,0.7,0.0,de,1
VW-Beschäftigte,VW-Beschäftigte,LOC,0.0,1.0,de,1
"Entbindungsklinik
","Entbindungsklinik
",LOC,0.0,0.0,de,1
Zillertaler Alpen,Zillertaler Alpen,LOC,0.0,0.0,de,1
Brandberger Kolmhaus,Brandberger Kolmhaus,LOC,0.0,0.0,de,1
Selenskyj: Noch 2000,Selenskyj: Noch 2000,LOC,0.0,0.0,de,1
Tankstelle,Tankstelle,LOC,0.7,0.0,de,1
Gaspreisbremse,Gaspreisbremse,LOC,0.0,0.0,de,1
Lagertür,Lagertür,LOC,0.0,1.0,de,1
Karibikdiktatur,Karibikdiktatur,LOC,0.0,0.0,de,1
Kubas,Kubas,LOC,1.0,0.0,de,1
Hohen Tauern,Hohen Tauern,LOC,0.0,0.0,de,1
Ble,Ble,LOC,0.0,0.0,de,1
Weihnachten: Welcher Geschenke-Typ,Weihnachten: Welcher Geschenke-Typ,LOC,0.0,0.0,de,1
Ungarn: Viktor Orbán,Ungarn: Viktor Orbán,LOC,-1.0,0.0,de,1
Schweriner,Schweriner,LOC,0.0,0.0,de,1
Ausgabendisziplin.,Ausgabendisziplin.,LOC,0.0,0.0,de,1
TU,TU,LOC,-0.7,0.0,de,1
"Europa
Baerbock","Europa
Baerbock",LOC,0.0,0.0,de,1
Ex-Sowjetrepublik,Ex-Sowjetrepublik,LOC,0.0,0.0,de,1
Alternativen.,Alternativen.,LOC,-0.6666666666666666,0.3333333333333333,de,1
Swa…,Swa…,LOC,0.0,0.0,de,1
Elite-Lufttruppen,Elite-Lufttruppen,LOC,0.0,0.0,de,1
Schlimmster Winter,Schlimmster Winter,LOC,0.0,0.0,de,1
Luhansk.,Luhansk.,LOC,0.0,0.0,de,1
Live-Ticker: Cherson:,Live-Ticker: Cherson:,LOC,0.0,0.0,de,1
Artillerieüberfälle,Artillerieüberfälle,LOC,0.7,0.0,de,1
Selenskyj: Raketenhagel,Selenskyj: Raketenhagel,LOC,0.0,0.0,de,1
Bayerns Exportumsätze,Bayerns Exportumsätze,LOC,0.0,0.0,de,1
entdeckt</li><li>15:27 Uhr: Ukraine,entdeckt</li><li>15:27 Uhr: Ukraine,LOC,0.0,0.0,de,1
AKW Saporischschja,AKW Saporischschja,LOC,0.0,0.0,de,1
Cherson aus</li><li,Cherson aus</li><li,LOC,0.0,0.0,de,1
W. Vichtl.</em,W. Vichtl.</em,LOC,0.0,0.0,de,1
Ukraine: Wie dieser Mann aus Krieg,Ukraine: Wie dieser Mann aus Krieg,LOC,0.0,0.0,de,1
Ostukraine</li><li>Kiew:,Ostukraine</li><li>Kiew:,LOC,0.0,0.0,de,1
Moskau!,Moskau!,LOC,-1.0,0.0,de,1
Grossi,Grossi,LOC,0.0,0.0,de,1
Großen Stern,Großen Stern,LOC,-0.15000000000000002,0.0,de,1
Ukrainische AKWs,Ukrainische AKWs,LOC,0.0,0.0,de,1
Hochtouren,Hochtouren,LOC,0.0,0.0,de,1
Luftraums zu unterstü…,Luftraums zu unterstü…,LOC,0.0,0.0,de,1
Sotschi,Sotschi,LOC,0.0,0.0,de,1
Donnerstag: Kiew,Donnerstag: Kiew,LOC,0.0,0.0,de,1
Hans-Böckler-Stiftung: Armut,Hans-Böckler-Stiftung: Armut,LOC,0.0,0.0,de,1
Haushaltsmitteln,Haushaltsmitteln,LOC,0.0,1.0,de,1
Ble 00-lokllae,Ble 00-lokllae,LOC,0.0,0.0,de,1
Wochenvergleich,Wochenvergleich,LOC,0.0,1.0,de,1
Gastro-Unternehmer,Gastro-Unternehmer,LOC,-0.7,0.0,de,1
Rumänien,Rumänien,LOC,0.0,0.0,de,1
Moldau: Deutschland,Moldau: Deutschland,LOC,0.7,0.0,de,1
Wintersport-Hochburgen,Wintersport-Hochburgen,LOC,0.0,0.0,de,1
Hokkaido.,Hokkaido.,LOC,0.0,0.0,de,1
"Sapporo, der Hauptstadt","Sapporo, der Hauptstadt",LOC,0.0,0.0,de,1
Zug-Anreise,Zug-Anreise,LOC,-0.7,0.0,de,1
Japans,Japans,LOC,-0.7,0.0,de,1
Wasserstoff-Netzwerk.,Wasserstoff-Netzwerk.,LOC,0.0,0.0,de,1
Winter-WM im Wüsten-Emirat,Winter-WM im Wüsten-Emirat,LOC,0.3333333333333333,0.0,de,1
Südfrankreich,Südfrankreich,LOC,0.0,0.0,de,1
Frankreich: Geflüchtete Ukrainerinnen jobben,Frankreich: Geflüchtete Ukrainerinnen jobben,LOC,0.0,0.0,de,1
Hokkaido-Shinkansen,Hokkaido-Shinkansen,LOC,-0.7,0.0,de,1
Seikan-Tunnel.,Seikan-Tunnel.,LOC,-0.7,0.0,de,1
Rängen.,Rängen.,LOC,0.0,0.0,de,1
Minusgraden,Minusgraden,LOC,0.0,0.0,de,1
Platz der Unabhängigk…,Platz der Unabhängigk…,LOC,0.0,0.0,de,1
Zhengzhou,Zhengzhou,LOC,0.0,0.0,de,1
Wall Street,Wall Street,LOC,0.0,0.0,de,1
Schirdewan,Schirdewan,LOC,0.0,0.0,de,1
Telefonseelsorge,Telefonseelsorge,LOC,0.0,1.0,de,1
Migrationsrouten,Migrationsrouten,LOC,0.0,1.0,de,1
Zehntausende,Zehntausende,LOC,0.0,0.0,de,1
Millionenhöhe,Millionenhöhe,LOC,0.7,0.0,de,1
Niedersachsen.,Niedersachsen.,LOC,0.0,0.0,de,1
Syriens präsen…,Syriens präsen…,LOC,0.0,0.0,de,1
San…,San…,LOC,1.0,0.0,de,1
Darmstadt,Darmstadt,LOC,0.7,0.0,de,1
Wetter: Etwas Schnee,Wetter: Etwas Schnee,LOC,0.0,0.0,de,1
Venezuela,Venezuela,LOC,0.0,0.0,de,1
Mongolei,Mongolei,LOC,0.0,0.0,de,1
"Volksrepublik Luhansk""","Volksrepublik Luhansk""",LOC,-1.0,0.0,de,1
Kiew  W…,Kiew  W…,LOC,0.0,0.0,de,1
Krim-Metropole Sewastopol,Krim-Metropole Sewastopol,LOC,0.0,0.0,de,1
Frost,Frost,LOC,0.0,0.0,de,1
Selenskyj: „Jeder Meter zählt“ +++ EU-Kommission,Selenskyj: „Jeder Meter zählt“ +++ EU-Kommission,LOC,0.0,0.0,de,1
Svatove,Svatove,LOC,0.0,0.0,de,1
Zeit“-Interview,Zeit“-Interview,LOC,1.0,0.0,de,1
Bundesweiter,Bundesweiter,LOC,0.5,0.0,de,1
MTZ,MTZ,LOC,0.0,0.0,de,1
Sulzbach – Explosion,Sulzbach – Explosion,LOC,0.0,0.0,de,1
Gasrechnungen,Gasrechnungen,LOC,0.7,0.0,de,1
Main-Taunus-Kreis: Unbekannte,Main-Taunus-Kreis: Unbekannte,LOC,0.0,0.0,de,1
Bet…,Bet…,LOC,0.0,0.0,de,1
Annaberg,Annaberg,LOC,0.0,0.0,de,1
Kreis Lippe: «Führerscheinkönig» auf der Flucht,Kreis Lippe: «Führerscheinkönig» auf der Flucht,LOC,0.0,0.0,de,1
Speicherverband,Speicherverband,LOC,1.0,0.0,de,1
Rostock: Autofahrer,Rostock: Autofahrer,LOC,0.0,0.0,de,1
Kosit,Kosit,LOC,0.0,0.0,de,1
Samstagabend.,Samstagabend.,LOC,0.0,0.0,de,1
Stadt Weimar,Stadt Weimar,LOC,0.0,0.0,de,1
"Ostukraine  fr.de
</li><li>Ukraine","Ostukraine  fr.de
</li><li>Ukraine",LOC,0.0,0.0,de,1
Rubel-Zwang,Rubel-Zwang,LOC,-0.7,0.0,de,1
TV:,TV:,LOC,-0.7,0.0,de,1
Samstag:,Samstag:,LOC,0.0,0.0,de,1
Kosice,Kosice,LOC,0.0,0.0,de,1
Flüchtlingen,Flüchtlingen,LOC,0.7,0.0,de,1
Oslo +++,Oslo +++,LOC,0.0,0.0,de,1
Norwegens Regierung,Norwegens Regierung,LOC,0.0,0.0,de,1
Infrastruktur +++,Infrastruktur +++,LOC,0.0,0.0,de,1
Ukraine +++,Ukraine +++,LOC,1.0,0.0,de,1
Arbeitsagentur-Chefin,Arbeitsagentur-Chefin,LOC,0.7,0.0,de,1
zivilie,zivilie,LOC,0.0,0.0,de,1
Deutschlandfunk,Deutschlandfunk,LOC,0.0,0.0,de,1
Waffengeschäften,Waffengeschäften,LOC,0.0,0.0,de,1
Schischaukel,Schischaukel,LOC,0.0,0.0,de,1
Dezemberwochenende,Dezemberwochenende,LOC,0.0,0.0,de,1
Dachstein West,Dachstein West,LOC,0.0,0.0,de,1
Biberach: Mehrere Unfälle bei,Biberach: Mehrere Unfälle bei,LOC,-0.7,0.0,de,1
Vorauseilender,Vorauseilender,LOC,0.0,0.0,de,1
Montagabend.,Montagabend.,LOC,0.0,0.0,de,1
deutschen Staat,deutschen Staat,LOC,0.0,0.0,de,1
Wetter: Schnee und,Wetter: Schnee und,LOC,0.0,1.0,de,1
pakistanische Regierung,pakistanische Regierung,LOC,1.0,0.0,de,1
Pakistans,Pakistans,LOC,0.0,0.0,de,1
Pakistan.,Pakistan.,LOC,0.0,0.0,de,1
Frankfurt/Main,Frankfurt/Main,LOC,0.0,0.0,de,1
Lauterbach,Lauterbach,LOC,0.0,1.0,de,1
Vulkan-Insel La Palma,Vulkan-Insel La Palma,LOC,0.0,0.0,de,1
Spanien:,Spanien:,LOC,0.0,0.0,de,1
Kohleengpässen,Kohleengpässen,LOC,-0.7,0.0,de,1
Separatistengebildes.,Separatistengebildes.,LOC,0.0,0.0,de,1
Donezker Volksrepublik,Donezker Volksrepublik,LOC,0.0,0.0,de,1
Milliardenwert.,Milliardenwert.,LOC,0.0,0.0,de,1
Ukrainekrieg: US-Geheimdienste,Ukrainekrieg: US-Geheimdienste,LOC,0.0,0.0,de,1
Maubach,Maubach,LOC,-1.0,0.0,de,1
Washington am Dienstag,Washington am Dienstag,LOC,0.0,0.0,de,1
"Bachmut"" +++","Bachmut"" +++",LOC,-1.0,0.0,de,1
Kältewelle,Kältewelle,LOC,0.7,0.0,de,1
Oblast Saporischschja,Oblast Saporischschja,LOC,0.0,0.0,de,1
Südamerika,Südamerika,LOC,-0.7,0.0,de,1
Militärflugplätze,Militärflugplätze,LOC,-1.0,0.0,de,1
europäischen Russlands z…,europäischen Russlands z…,LOC,0.7,0.0,de,1
europäischen Russlands,europäischen Russlands,LOC,-0.15000000000000002,0.0,de,1
Kertsch,Kertsch,LOC,0.0,0.0,de,1
russisch-ukrainischen Grenze.,russisch-ukrainischen Grenze.,LOC,0.7,0.0,de,1
Aggressors,Aggressors,LOC,-1.0,0.0,de,1
Grünstrom-Startup Ostrom,Grünstrom-Startup Ostrom,LOC,0.7,0.0,de,1
Molli-Bahngleis,Molli-Bahngleis,LOC,0.0,0.0,de,1
Milliarden-Skandal: „Prepare for bad news“,Milliarden-Skandal: „Prepare for bad news“,LOC,0.0,0.0,de,1
Portugal-Gala,Portugal-Gala,LOC,0.7,0.0,de,1
Ronaldo-Flucht,Ronaldo-Flucht,LOC,0.7,0.0,de,1
Ostpolen,Ostpolen,LOC,0.0,0.0,de,1
Verteidigungsstellen,Verteidigungsstellen,LOC,-1.0,0.0,de,1
Spanien-Schock.,Spanien-Schock.,LOC,0.7,0.0,de,1
Pristina.,Pristina.,LOC,0.0,0.0,de,1
Solarfirma,Solarfirma,LOC,0.0,0.0,de,1
Blankenfelde-Mahlow,Blankenfelde-Mahlow,LOC,0.0,0.0,de,1
Warschauer,Warschauer,LOC,0.0,0.0,de,1
Dauerfrostbereich.,Dauerfrostbereich.,LOC,0.0,0.0,de,1
Mount Hermon.,Mount Hermon.,LOC,0.0,0.0,de,1
Golanhöhen.,Golanhöhen.,LOC,1.0,0.0,de,1
Gaschurn,Gaschurn,LOC,0.0,1.0,de,1
Nächten,Nächten,LOC,-0.7,0.0,de,1
Waxenberger Forst,Waxenberger Forst,LOC,0.0,0.0,de,1
Niederbayern,Niederbayern,LOC,0.0,0.0,de,1
Si…,Si…,LOC,0.0,0.0,de,1
Schneeband,Schneeband,LOC,-0.7,0.0,de,1
Leserdebatte: Wie,Leserdebatte: Wie,LOC,0.0,1.0,de,1
MainzSchlecht,MainzSchlecht,LOC,0.0,0.0,de,1
Donnerstag: Selenskyj,Donnerstag: Selenskyj,LOC,0.0,0.0,de,1
Munitionsproduktion,Munitionsproduktion,LOC,0.0,0.0,de,1
Zuschauerrückgang,Zuschauerrückgang,LOC,0.0,0.0,de,1
Reich der Mitte,Reich der Mitte,LOC,0.7,0.0,de,1
Judenplatz 1010.,Judenplatz 1010.,LOC,0.0,0.0,de,1
SH:,SH:,LOC,0.0,0.0,de,1
Wetterlage,Wetterlage,LOC,0.0,0.0,de,1
Cherson</li><li,Cherson</li><li,LOC,0.0,1.0,de,1
Zentralasien,Zentralasien,LOC,0.9,0.0,de,1
Nordsee-Energiekooperation,Nordsee-Energiekooperation,LOC,0.0,0.0,de,1
Nordsee-Anrainer,Nordsee-Anrainer,LOC,-1.0,0.0,de,1
Ukraine-Update am Abend..,Ukraine-Update am Abend..,LOC,0.0,0.0,de,1
Bundesaußenministerin,Bundesaußenministerin,LOC,0.0,0.0,de,1
Metsola ruf,Metsola ruf,LOC,0.0,0.0,de,1
Verteidigungsministeriums,Verteidigungsministeriums,LOC,0.7,0.0,de,1
Eingepfercht,Eingepfercht,LOC,0.0,0.0,de,1
Ruin,Ruin,LOC,0.0,0.0,de,1
Schnee-Strom-Drama,Schnee-Strom-Drama,LOC,0.0,0.0,de,1
B…,B…,LOC,0.0,0.0,de,1
Preisdeckeln,Preisdeckeln,LOC,0.0,0.0,de,1
Speicherfüllstände,Speicherfüllstände,LOC,0.0,0.3333333333333333,de,1
Madrid.,Madrid.,LOC,0.0,0.0,de,1
S-Bahn,S-Bahn,LOC,0.0,0.0,de,1
St. Koloman,St. Koloman,LOC,0.0,0.0,de,1
Kreis Erding,Kreis Erding,LOC,0.0,0.0,de,1
US-Bürger,US-Bürger,LOC,0.7,0.0,de,1
Cherson</li><li>Ukraine…,Cherson</li><li>Ukraine…,LOC,0.0,0.0,de,1
BILD,BILD,LOC,0.85,0.0,de,1
Pub,Pub,LOC,0.0,0.0,de,1
Flachländer,Flachländer,LOC,0.0,1.0,de,1
Ispo,Ispo,LOC,0.0,0.0,de,1
Weihnachtspläne,Weihnachtspläne,LOC,0.0,0.0,de,1
Pub.,Pub.,LOC,-0.7,0.0,de,1
Bear Inn i…,Bear Inn i…,LOC,0.0,0.0,de,1
Burwash.,Burwash.,LOC,0.0,0.0,de,1
weihnachtlich,weihnachtlich,LOC,0.0,0.0,de,1
Wetter: Wegen Schneefalls,Wetter: Wegen Schneefalls,LOC,0.0,0.0,de,1
Bosnien,Bosnien,LOC,0.0,0.0,de,1
Großbritannien.,Großbritannien.,LOC,0.7,0.0,de,1
Gegenoffensiven,Gegenoffensiven,LOC,0.0,0.0,de,1
Lima,Lima,LOC,0.0,0.0,de,1
Libanon,Libanon,LOC,0.0,0.0,de,1
Tyros,Tyros,LOC,0.0,0.0,de,1
Tyros.,Tyros.,LOC,0.0,0.0,de,1
Libanon: „Die Armut,Libanon: „Die Armut,LOC,-0.7,0.0,de,1
Wetter: Schnee und Eis,Wetter: Schnee und Eis,LOC,0.0,0.0,de,1
"Ljubljana, München","Ljubljana, München",LOC,0.0,0.0,de,1
Kinder-Folterkammern.,Kinder-Folterkammern.,LOC,0.0,0.0,de,1
Salzburger,Salzburger,LOC,-0.35,0.5,de,1
Mali,Mali,LOC,0.7,0.0,de,1
Söldnergruppe Wagner ins Land,Söldnergruppe Wagner ins Land,LOC,0.7,0.0,de,1
Ghanas,Ghanas,LOC,0.7,0.0,de,1
Luftabwehrwaffen,Luftabwehrwaffen,LOC,-0.7,0.0,de,1
US-Amerikaner,US-Amerikaner,LOC,-1.0,0.0,de,1
Einsparziele,Einsparziele,LOC,-1.0,0.0,de,1
Reichsbürger-Milieu,Reichsbürger-Milieu,LOC,0.0,0.0,de,1
Kohlekraftwerks Moorburg,Kohlekraftwerks Moorburg,LOC,0.0,0.0,de,1
Malmö.,Malmö.,LOC,0.0,0.0,de,1
Eiskratzen am Auto,Eiskratzen am Auto,LOC,-0.10000000000000002,0.3333333333333333,de,1
Oberwart.,Oberwart.,LOC,0.0,1.0,de,1
Oberwart,Oberwart,LOC,0.0,1.0,de,1
Notanker,Notanker,LOC,0.0,1.0,de,1
München:,München:,LOC,0.0,0.0,de,1
Offenbach,Offenbach,LOC,0.0,0.0,de,1
Geberkonferenzen,Geberkonferenzen,LOC,0.0,1.0,de,1
Moskau rechtfe…,Moskau rechtfe…,LOC,0.0,0.0,de,1
Marvel-Superhelden,Marvel-Superhelden,LOC,0.0,0.0,de,1
Tschetschenen,Tschetschenen,LOC,0.0,0.0,de,1
Winterschlaf.,Winterschlaf.,LOC,-0.5666666666666667,0.3333333333333333,de,1
Krisenwinter,Krisenwinter,LOC,-0.7,0.0,de,1
E 400,E 400,LOC,0.0,0.0,de,1
Polen: Windkraft?,Polen: Windkraft?,LOC,0.0,0.0,de,1
ukrainischen Grenze,ukrainischen Grenze,LOC,0.0,0.0,de,1
Bombenschutzkellern,Bombenschutzkellern,LOC,0.0,0.0,de,1
Ostprignitz-Ruppin: Zwei Männer sterben,Ostprignitz-Ruppin: Zwei Männer sterben,LOC,0.0,0.0,de,1
Soziales: Ukrainekrieg,Soziales: Ukrainekrieg,LOC,0.0,0.0,de,1
Oberndorf,Oberndorf,LOC,0.0,0.0,de,1
Donezk +++,Donezk +++,LOC,0.0,0.0,de,1
Atomkraftwerk Saporischschja +++ London,Atomkraftwerk Saporischschja +++ London,LOC,0.0,0.0,de,1
Getreide-Ausfuhren,Getreide-Ausfuhren,LOC,0.0,0.0,de,1
Enerhodar,Enerhodar,LOC,0.0,0.0,de,1
Pro-russische Verwaltung: AKW,Pro-russische Verwaltung: AKW,LOC,0.0,0.0,de,1
Institute of the Study of War…,Institute of the Study of War…,LOC,0.0,0.0,de,1
Nowa Kachowka,Nowa Kachowka,LOC,-0.7,0.0,de,1
Norwegens Küste  +++,Norwegens Küste  +++,LOC,0.0,0.0,de,1
Nato-Präsenz,Nato-Präsenz,LOC,0.0,0.0,de,1
Ukraine-Russland-News am Dienstag: Dnipro,Ukraine-Russland-News am Dienstag: Dnipro,LOC,0.0,0.0,de,1
Region München,Region München,LOC,0.0,0.0,de,1
Krefeld: Tödliche Schüsse,Krefeld: Tödliche Schüsse,LOC,0.0,0.0,de,1
Neustadt,Neustadt,LOC,-0.85,0.0,de,1
Meeresboden,Meeresboden,LOC,0.0,0.0,de,1
Severstal,Severstal,LOC,0.0,1.0,de,1
Russe,Russe,LOC,0.0,0.0,de,1
Hauptstadt,Hauptstadt,LOC,-1.0,0.0,de,1
Munitionsmangel,Munitionsmangel,LOC,0.0,0.0,de,1
Café Laumer,Café Laumer,LOC,0.0,0.0,de,1
NATO-Treffen,NATO-Treffen,LOC,0.7,0.0,de,1
Landesgericht Wr,Landesgericht Wr,LOC,0.0,0.0,de,1
Krefelder Innenstadt,Krefelder Innenstadt,LOC,0.0,0.0,de,1
Ukrainer,Ukrainer,LOC,0.0,0.0,de,1
Nato-Außenministertreffens,Nato-Außenministertreffens,LOC,0.0,0.0,de,1
Ppel unu eelal,Ppel unu eelal,LOC,0.0,0.0,de,1
Chinas Regierung,Chinas Regierung,LOC,0.0,0.0,de,1
Dienstag: Baerbock: Generatoren,Dienstag: Baerbock: Generatoren,LOC,0.0,0.0,de,1
Bukarest.,Bukarest.,LOC,0.0,0.0,de,1
Geheimtür,Geheimtür,LOC,0.0,0.0,de,1
Energieversorgs,Energieversorgs,LOC,0.0,0.0,de,1
Energoatom,Energoatom,LOC,0.0,0.0,de,1
Foto:,Foto:,LOC,-1.0,0.0,de,1
Familienskigebiet Forsteralm,Familienskigebiet Forsteralm,LOC,0.0,0.0,de,1
Michigan,Michigan,LOC,-0.7,0.0,de,1
Sudan,Sudan,LOC,-0.7,0.0,de,1
Leeds,Leeds,LOC,-0.5,0.5,de,1
Großbritannien:,Großbritannien:,LOC,0.0,0.0,de,1
Weitergehen,Weitergehen,LOC,0.0,0.0,de,1
Bezirk Steyr-Land,Bezirk Steyr-Land,LOC,0.0,0.0,de,1
Gaflenz,Gaflenz,LOC,0.0,0.0,de,1
Forsteralm,Forsteralm,LOC,0.0,0.0,de,1
Rekordinflation,Rekordinflation,LOC,0.0,0.0,de,1
Bielefeld.,Bielefeld.,LOC,0.0,0.0,de,1
Geldautomatensprenger,Geldautomatensprenger,LOC,0.0,0.0,de,1
Notfall: Explosion in Haus in Warendorf: Mann,Notfall: Explosion in Haus in Warendorf: Mann,LOC,-1.0,0.0,de,1
Den Haag,Den Haag,LOC,0.0,0.0,de,1
Haltungsfragen,Haltungsfragen,LOC,-1.0,0.0,de,1
Oblast Donezk.,Oblast Donezk.,LOC,0.0,0.0,de,1
Stadt Bachmut,Stadt Bachmut,LOC,0.0,0.0,de,1
Esten,Esten,LOC,0.0,0.0,de,1
Smog,Smog,LOC,0.0,0.0,de,1
Buelaleevoelllu,Buelaleevoelllu,LOC,0.0,0.0,de,1
Australien: Ein Bergbau-Milliardär,Australien: Ein Bergbau-Milliardär,LOC,0.0,0.0,de,1
Ukraine-Flüchtlingen:,Ukraine-Flüchtlingen:,LOC,0.0,1.0,de,1
Krywyj Rih,Krywyj Rih,LOC,0.0,0.0,de,1
Region Donezk.,Region Donezk.,LOC,0.7,0.0,de,1
Ukraine-News am Sonntag,Ukraine-News am Sonntag,LOC,0.7,0.0,de,1
Polizeipräsidiums Oberbaye…,Polizeipräsidiums Oberbaye…,LOC,0.0,0.0,de,1
Mehrfamilienhaus.,Mehrfamilienhaus.,LOC,0.0,0.0,de,1
Weilheim-Schongau: Zwei Tote bei Brand,Weilheim-Schongau: Zwei Tote bei Brand,LOC,0.0,0.0,de,1
"Bayern  zeit.de
</li><li>Oberba…","Bayern  zeit.de
</li><li>Oberba…",LOC,-1.0,0.0,de,1
Jütland,Jütland,LOC,0.0,0.0,de,1
"Peißenberg  br.de
</li><li>","Peißenberg  br.de
</li><li>",LOC,-1.0,0.0,de,1
Gordi:,Gordi:,LOC,-1.0,0.0,de,1
Ukraine: »Jetzt,Ukraine: »Jetzt,LOC,0.0,0.0,de,1
Karibik-Insel,Karibik-Insel,LOC,0.0,0.0,de,1
US-Bundesstaaten,US-Bundesstaaten,LOC,0.5,0.5,de,1
South Sudan Police Service,South Sudan Police Service,LOC,0.0,0.0,de,1
"Pakistan, Dürre","Pakistan, Dürre",LOC,0.0,0.0,de,1
Berliner Hauptbahnhof,Berliner Hauptbahnhof,LOC,0.0,0.0,de,1
Schweizern,Schweizern,LOC,0.0,0.0,de,1
Norwegen.,Norwegen.,LOC,0.0,0.0,de,1
"Uhr
Schnee","Uhr
Schnee",LOC,0.35,0.5,de,1
Belarus +++,Belarus +++,LOC,0.0,0.0,de,1
"Wochenrückblick: Inflation, China","Wochenrückblick: Inflation, China",LOC,0.0,0.0,de,1
… [+6168 chars],… [+6168 chars],LOC,0.0,0.0,de,1
Zentrum.,Zentrum.,LOC,0.0,0.0,de,1
Urals,Urals,LOC,0.0,0.0,de,1
Preisdeckel,Preisdeckel,LOC,0.0,0.0,de,1
Winter-Wetter,Winter-Wetter,LOC,0.35,0.5,de,1
Ecuador,Ecuador,LOC,0.0,0.0,de,1
Schlammperiode,Schlammperiode,LOC,0.0,0.0,de,1
Hongkong,Hongkong,LOC,0.0,0.0,de,1
Krim-Annexion,Krim-Annexion,LOC,0.0,0.0,de,1
Nordhessen.,Nordhessen.,LOC,0.85,0.0,de,1
Schnee-Tief,Schnee-Tief,LOC,0.0,0.0,de,1
Wetter: Schnee-Tief,Wetter: Schnee-Tief,LOC,0.0,0.0,de,1
Corona-Beschränkungen,Corona-Beschränkungen,LOC,0.35,0.5,de,1
Ukraine: Bidens Signal,Ukraine: Bidens Signal,LOC,0.0,0.0,de,1
Minsk,Minsk,LOC,0.0,0.0,de,1
Waffenverbots-Kontrollen,Waffenverbots-Kontrollen,LOC,0.0,0.0,de,1
ul><li>23:30,ul><li>23:30,LOC,0.7,0.0,de,1
San Francisco:,San Francisco:,LOC,0.0,0.0,de,1
Winterstarre,Winterstarre,LOC,-0.5666666666666667,0.3333333333333333,de,1
Kreml künd…,Kreml künd…,LOC,-1.0,0.0,de,1
EU-Staaten,EU-Staaten,LOC,0.0,0.0,de,1
See,See,LOC,0.0,0.0,de,1
Wärmepunkte,Wärmepunkte,LOC,0.0,0.0,de,1
Ukraine: Wärmestuben,Ukraine: Wärmestuben,LOC,0.0,0.0,de,1
nan,nan,LOC,0.0,0.0,de,1
Semmering,Semmering,LOC,0.0,0.0,de,1
Bremen geb…,Bremen geb…,LOC,-1.0,0.0,de,1
Hochkar,Hochkar,LOC,0.0,0.0,de,1
Großbritanniens.,Großbritanniens.,LOC,0.7,0.0,de,1
Heide,Heide,LOC,0.0,0.0,de,1
akzeptieren</li><li>17:24,akzeptieren</li><li>17:24,LOC,0.0,0.0,de,1
Belarus</li><li>20:52,Belarus</li><li>20:52,LOC,-0.5,0.0,de,1
ul><li>21:32,ul><li>21:32,LOC,-0.5,0.0,de,1
Kälte-Tod?,Kälte-Tod?,LOC,0.0,0.0,de,1
Spaniens,Spaniens,LOC,0.0,0.0,de,1
Live-Ticker: Ukraine:,Live-Ticker: Ukraine:,LOC,0.0,0.0,de,1
St. Petersburger,St. Petersburger,LOC,0.0,0.0,de,1
Ukraine-Liveticker: Schoigu,Ukraine-Liveticker: Schoigu,LOC,0.0,0.0,de,1
Republik Moldau:,Republik Moldau:,LOC,0.0,0.0,de,1
Franken,Franken,LOC,-1.0,0.0,de,1
Flusses Dnipro,Flusses Dnipro,LOC,-0.7,0.0,de,1
NATO-Mitgliedslands,NATO-Mitgliedslands,LOC,0.0,0.0,de,1
Abgeordnetenhaus,Abgeordnetenhaus,LOC,0.0,0.0,de,1
Bachmut im Donbass,Bachmut im Donbass,LOC,0.0,1.0,de,1
Hochsauerlandkreis: Winterberg,Hochsauerlandkreis: Winterberg,LOC,0.0,0.0,de,1
Dächern von N…,Dächern von N…,LOC,0.0,0.0,de,1
Albaniens,Albaniens,LOC,0.0,0.0,de,1
Gefahr.,Gefahr.,LOC,-0.85,0.0,de,1
Bundesrechnungshofes,Bundesrechnungshofes,LOC,-0.85,0.0,de,1
Bundesrechnungshof,Bundesrechnungshof,LOC,0.0,0.0,de,1
Polen +++,Polen +++,LOC,0.7,0.0,de,1
Rollkragenpullover.,Rollkragenpullover.,LOC,0.0,0.0,de,1
Jeans,Jeans,LOC,0.0,0.0,de,1
Palästina,Palästina,LOC,0.0,0.0,de,1
Wintersportbranche,Wintersportbranche,LOC,-1.0,0.0,de,1
Albaner,Albaner,LOC,0.0,0.0,de,1
Großbritannien debattie…,Großbritannien debattie…,LOC,0.0,0.0,de,1
Preiswelle,Preiswelle,LOC,0.0,0.0,de,1
Energievorrat,Energievorrat,LOC,0.3,0.0,de,1
Wärme,Wärme,LOC,-0.35,0.5,de,1
Einfach,Einfach,LOC,0.7,0.0,de,1
Wolldeckenwinter: Was man jetzt braucht,Wolldeckenwinter: Was man jetzt braucht,LOC,-1.0,0.0,de,1
KIno:,KIno:,LOC,0.0,0.0,de,1
französischen Regierung.,französischen Regierung.,LOC,0.0,0.0,de,1
Stromproblemen +++,Stromproblemen +++,LOC,0.0,0.0,de,1
Gaspreisentwicklung,Gaspreisentwicklung,LOC,0.0,0.0,de,1
Hotel Adlon Kempinski Berlin,Hotel Adlon Kempinski Berlin,LOC,0.0,0.0,de,1
Nufenenpass,Nufenenpass,LOC,0.0,0.0,de,1
Lattice,Lattice,LOC,0.0,0.0,de,1
Lieferdienst Doordash,Lieferdienst Doordash,LOC,0.0,0.0,de,1
peOueek puael lu,peOueek puael lu,LOC,0.0,0.0,de,1
Energieberatungshaus,Energieberatungshaus,LOC,-0.7,0.0,de,1
Nebenkosten-Last.,Nebenkosten-Last.,LOC,0.0,0.0,de,1
Brandenburger Tor,Brandenburger Tor,LOC,0.0,0.0,de,1
"Kyiv Independent"" teilt…","Kyiv Independent"" teilt…",LOC,0.0,0.0,de,1
Kap,Kap,LOC,0.0,0.0,de,1
Kramatorsk,Kramatorsk,LOC,0.0,0.0,de,1
Bauort,Bauort,LOC,0.0,0.0,de,1
Milorad,Milorad,LOC,0.0,0.0,de,1
Berlin/Oberpframmern.,Berlin/Oberpframmern.,LOC,0.0,0.0,de,1
Zulassungszertifikat,Zulassungszertifikat,LOC,0.0,0.0,de,1
Bundespräsidialamt,Bundespräsidialamt,LOC,0.0,0.0,de,1
Senatskanzlei,Senatskanzlei,LOC,0.0,0.0,de,1
Frierende,Frierende,LOC,0.0,0.0,de,1
Windkraft-Ausbau,Windkraft-Ausbau,LOC,0.0,0.0,de,1
Ölkonzernen,Ölkonzernen,LOC,0.0,0.0,de,1
A3,A3,LOC,0.0,0.0,de,1
Landkreis Würzburg: Mehrere Kilo Drogen und Waffen,Landkreis Würzburg: Mehrere Kilo Drogen und Waffen,LOC,0.0,0.0,de,1
Atomdrohungen,Atomdrohungen,LOC,0.0,0.0,de,1
Dom,Dom,LOC,0.0,0.0,de,1
Konsumklimas.,Konsumklimas.,LOC,0.0,0.0,de,1
Unfällen,Unfällen,LOC,-1.0,0.0,de,1
Kriegskoordinator,Kriegskoordinator,LOC,0.0,0.0,de,1
Leitszinses,Leitszinses,LOC,0.0,0.0,de,1
Bellk,Bellk,LOC,0.0,0.0,de,1
serbischen Landesteil,serbischen Landesteil,LOC,0.0,0.0,de,1
Krummnußbaum,Krummnußbaum,LOC,0.0,0.0,de,1
Linke-Politiker,Linke-Politiker,LOC,0.0,0.0,de,1
Bezirk Melk,Bezirk Melk,LOC,0.0,0.0,de,1
Augsburg,Augsburg,LOC,0.0,0.0,de,1
Drohnen-Vorwürfe,Drohnen-Vorwürfe,LOC,0.0,0.0,de,1
Ukraine-News: Iran,Ukraine-News: Iran,LOC,0.0,0.0,de,1
Samstagmorgen.,Samstagmorgen.,LOC,0.0,0.0,de,1
Prager,Prager,LOC,0.0,0.0,de,1
Veltins,Veltins,LOC,0.7,0.0,de,1
Bitburger-Braugruppe,Bitburger-Braugruppe,LOC,0.7,0.0,de,1
Olching,Olching,LOC,0.0,0.0,de,1
Olching: Autofahrer,Olching: Autofahrer,LOC,0.0,0.0,de,1
Bundesebene,Bundesebene,LOC,0.0,0.0,de,1
di…,di…,LOC,0.0,0.0,de,1
Freitagmorgen.,Freitagmorgen.,LOC,0.0,0.0,de,1
Illner,Illner,LOC,0.0,0.0,de,1
DW-Gespräch.,DW-Gespräch.,LOC,0.0,0.0,de,1
Baku,Baku,LOC,0.0,0.0,de,1
Krumnußbaum,Krumnußbaum,LOC,0.0,0.0,de,1
Mehrparteienhaus,Mehrparteienhaus,LOC,0.0,0.0,de,1
Donnerstagmorgen.,Donnerstagmorgen.,LOC,0.0,0.0,de,1
Brennelementefabrik,Brennelementefabrik,LOC,0.0,0.0,de,1
Kiew/Moskau/New York,Kiew/Moskau/New York,LOC,0.0,0.0,de,1
Finanzminister,Finanzminister,LOC,1.0,0.0,de,1
Russland-Krise: Audi-Chef,Russland-Krise: Audi-Chef,LOC,0.0,0.0,de,1
Spotify,Spotify,LOC,0.0,0.0,de,1
Zara-Mutter,Zara-Mutter,LOC,0.0,0.0,de,1
Tschetschenien,Tschetschenien,LOC,0.0,1.0,de,1
Ukraine: Der Wiederaufbau,Ukraine: Der Wiederaufbau,LOC,0.0,0.0,de,1
Guerilla-Aktion,Guerilla-Aktion,LOC,0.0,0.0,de,1
Berlin/Brüssel,Berlin/Brüssel,LOC,0.0,0.0,de,1
"Berlin: ""Nie","Berlin: ""Nie",LOC,0.0,0.0,de,1
Ukraine-Konferenz,Ukraine-Konferenz,LOC,0.0,0.0,de,1
Ieklknupelleu,Ieklknupelleu,LOC,-1.0,0.0,de,1
EU-Kommissionschefin,EU-Kommissionschefin,LOC,0.7,0.0,de,1
Ukraine: Bundespräsident Frank-Walter Steinmeier,Ukraine: Bundespräsident Frank-Walter Steinmeier,LOC,0.0,0.0,de,1
Kriegswinter,Kriegswinter,LOC,0.0,0.0,de,1
Neo-sowjetische,Neo-sowjetische,LOC,0.0,0.0,de,1
Erdgas-Speicher,Erdgas-Speicher,LOC,0.0,0.0,de,1
Dresden.,Dresden.,LOC,0.0,0.0,de,1
Atlantiks,Atlantiks,LOC,0.0,1.0,de,1
Audi-Chef,Audi-Chef,LOC,0.0,0.0,de,1
Temperatureinflüsse.,Temperatureinflüsse.,LOC,0.0,1.0,de,1
"Germany
","Germany
",LOC,0.0,0.0,de,1
Stoltenberg: Nato,Stoltenberg: Nato,LOC,-0.09999999999999998,0.0,de,1
Transport-Verlauf,Transport-Verlauf,LOC,0.0,1.0,de,1
Pipeline Nord Stream 2,Pipeline Nord Stream 2,LOC,0.0,1.0,de,1
Ostsee-Insel,Ostsee-Insel,LOC,0.0,1.0,de,1
Föderationsrats,Föderationsrats,LOC,0.0,0.0,de,1
Estlands,Estlands,LOC,0.0,0.0,de,1
Landkreis Kusel,Landkreis Kusel,LOC,0.0,0.0,de,1
Region Charkiw,Region Charkiw,LOC,0.0,0.0,de,1
Ukraine-Krieg: Wie,Ukraine-Krieg: Wie,LOC,0.0,0.0,de,1
Ludwigshafen,Ludwigshafen,LOC,0.0,0.0,de,1
AKW Saporischschja.<em>,AKW Saporischschja.<em>,LOC,-0.7,0.0,de,1
Cosco,Cosco,LOC,0.0,0.0,de,1
Boeing-Chef,Boeing-Chef,LOC,0.0,0.0,de,1
Wien/Frank…,Wien/Frank…,LOC,0.0,0.0,de,1
Vilnius.,Vilnius.,LOC,0.0,0.0,de,1
baltischen Staaten,baltischen Staaten,LOC,0.0,0.0,de,1
Auto-Show IAA Mobility,Auto-Show IAA Mobility,LOC,0.0,0.0,de,1
Bregenz,Bregenz,LOC,0.0,1.0,de,1
Kunsthaus Bregenz,Kunsthaus Bregenz,LOC,0.0,0.0,de,1
Landestheater,Landestheater,LOC,0.0,0.0,de,1
Republik Moldau: Überleben,Republik Moldau: Überleben,LOC,0.0,0.0,de,1
Südpol,Südpol,LOC,0.7,0.0,de,1
Schweizer Jungfrau Region,Schweizer Jungfrau Region,LOC,1.0,0.0,de,1
✔️ Panorama-Außenpool ✔️ JETZT,✔️ Panorama-Außenpool ✔️ JETZT,LOC,0.0,0.0,de,1
Hotel ✔️ Spa & Schnee,Hotel ✔️ Spa & Schnee,LOC,0.0,0.0,de,1
Magische Unterkunft,Magische Unterkunft,LOC,0.7,0.0,de,1
Ukrainische Waffen,Ukrainische Waffen,LOC,0.0,0.0,de,1
Bund-Länder-Runde: Inflation und Energiekrise,Bund-Länder-Runde: Inflation und Energiekrise,LOC,0.0,0.0,de,1
Kriwij Rih,Kriwij Rih,LOC,0.0,0.0,de,1
Nato-Land,Nato-Land,LOC,-1.0,0.0,de,1
Schwarzmeer-Häfen +++,Schwarzmeer-Häfen +++,LOC,-0.7,0.0,de,1
Getreideabkommens,Getreideabkommens,LOC,0.7,0.0,de,1
norwegischen Küste,norwegischen Küste,LOC,0.0,0.0,de,1
Norwegen +++,Norwegen +++,LOC,0.0,0.0,de,1
Riesenreich,Riesenreich,LOC,0.0,0.0,de,1
Atomwaffen-Einsatz,Atomwaffen-Einsatz,LOC,0.0,0.0,de,1
"Baerbock erleichtert
","Baerbock erleichtert
",LOC,0.7,0.0,de,1
russische Regierung,russische Regierung,LOC,0.0,0.0,de,1
Südpol.,Südpol.,LOC,0.7,0.0,de,1
Infraroteleskope,Infraroteleskope,LOC,0.0,0.0,de,1
Pluto,Pluto,LOC,0.9,0.0,de,1
Berg.“,Berg.“,LOC,-0.7,0.0,de,1
Münst…,Münst…,LOC,0.0,0.0,de,1
Münster.,Münster.,LOC,0.0,0.0,de,1
Münster:,Münster:,LOC,0.0,0.0,de,1
Technik-Angeboten,Technik-Angeboten,LOC,0.0,0.0,de,1
Tech-Unternehmer,Tech-Unternehmer,LOC,0.0,0.0,de,1
Horn von Afrika,Horn von Afrika,LOC,0.0,0.0,de,1
Fieser Kälteeinbruch: Kommt,Fieser Kälteeinbruch: Kommt,LOC,-1.0,0.0,de,1
Nürnberger,Nürnberger,LOC,0.0,0.0,de,1
Offshore-Windpark,Offshore-Windpark,LOC,0.0,0.0,de,1
Nürnberg:,Nürnberg:,LOC,0.0,0.0,de,1
Tigray,Tigray,LOC,0.0,0.0,de,1
Äthiopien:,Äthiopien:,LOC,0.0,0.0,de,1
DWD,DWD,LOC,0.0,0.0,de,1
Deutschlandweit,Deutschlandweit,LOC,0.0,0.0,de,1
Ukrainekrieg: „Die,Ukrainekrieg: „Die,LOC,0.0,0.0,de,1
Bundeswirtschaftsminister,Bundeswirtschaftsminister,LOC,0.0,0.0,de,1
Chiinu,Chiinu,LOC,0.0,0.0,de,1
Parks,Parks,LOC,0.0,0.0,de,1
Vorarlberg Museum,Vorarlberg Museum,LOC,0.0,0.0,de,1
Samarkand.,Samarkand.,LOC,0.0,0.0,de,1
Schwarzes Meer,Schwarzes Meer,LOC,0.0,0.0,de,1
Saporischschja +++ Getreidefrachter,Saporischschja +++ Getreidefrachter,LOC,0.0,0.0,de,1
Schleswig-Holsteins Küste,Schleswig-Holsteins Küste,LOC,0.0,0.0,de,1
Luftalarm in der,Luftalarm in der,LOC,0.0,0.0,de,1
China: Mehr,China: Mehr,LOC,0.0,1.0,de,1
Holz.,Holz.,LOC,1.0,0.0,de,1
Kindertagesstätte:,Kindertagesstätte:,LOC,1.0,0.0,de,1
Lula,Lula,LOC,0.0,0.0,de,1
Brasiliens,Brasiliens,LOC,0.0,0.0,de,1
Rekordwärme,Rekordwärme,LOC,0.0,0.0,de,1
Seoul.,Seoul.,LOC,0.25,0.25,de,1
Halloween-Feiern,Halloween-Feiern,LOC,0.25,0.25,de,1
Ravenna,Ravenna,LOC,0.0,0.0,de,1
Getreide-Deal,Getreide-Deal,LOC,0.0,0.0,de,1
Ostsee: Russland,Ostsee: Russland,LOC,-1.0,0.0,de,1
Nahrungsmitteln,Nahrungsmitteln,LOC,0.0,0.0,de,1
Getreideexporte-Stop,Getreideexporte-Stop,LOC,0.0,0.0,de,1
Bosporus.,Bosporus.,LOC,0.0,0.0,de,1
Weltcup-Winter,Weltcup-Winter,LOC,0.0,0.0,de,1
Kasachstan.,Kasachstan.,LOC,0.7,0.0,de,1
Straße gegan…,Straße gegan…,LOC,0.0,0.0,de,1
Usbekistan:,Usbekistan:,LOC,0.0,0.0,de,1
Ukraine-News am Mittwoch:,Ukraine-News am Mittwoch:,LOC,0.0,0.0,de,1
Tempo,Tempo,LOC,0.0,0.0,de,1
Bund-Länder-Treffen,Bund-Länder-Treffen,LOC,0.0,1.0,de,1
Billionenhöhe,Billionenhöhe,LOC,-0.7,0.0,de,1
Abu Dhabi,Abu Dhabi,LOC,-0.7,0.0,de,1
Abu Dhabi: Ölindustrie,Abu Dhabi: Ölindustrie,LOC,0.7,0.0,de,1
Brandenburg.,Brandenburg.,LOC,0.0,0.0,de,1
Kältehilfe-Saison,Kältehilfe-Saison,LOC,0.7,0.0,de,1
Erdgasdebatte,Erdgasdebatte,LOC,0.0,0.0,de,1
Nn,Nn,LOC,0.0,0.0,de,1
Ukraine: „Man,Ukraine: „Man,LOC,0.0,0.0,de,1
Russen-Angriffen,Russen-Angriffen,LOC,1.0,0.0,de,1
Dreiergipfel,Dreiergipfel,LOC,0.0,0.0,de,1
Sotschi.,Sotschi.,LOC,0.0,1.0,de,1
Land Berlin,Land Berlin,LOC,0.7,0.0,de,1
Mexiko,Mexiko,LOC,0.0,0.0,de,1
Ost-,Ost-,LOC,0.0,0.0,de,1
Kramatorsk +++,Kramatorsk +++,LOC,0.0,0.0,de,1
Alla Varlamova,Alla Varlamova,LOC,0.0,0.0,de,1
Berlin: Russland-Flaggen,Berlin: Russland-Flaggen,LOC,0.0,0.0,de,1
Entlastungspaket,Entlastungspaket,LOC,0.0,0.0,de,1
Nord Stream: Schweden,Nord Stream: Schweden,LOC,0.0,0.0,de,1
Ukrainekrieg +++,Ukrainekrieg +++,LOC,-0.15000000000000002,0.0,de,1
Ukraine-Krieg +++,Ukraine-Krieg +++,LOC,-1.0,0.0,de,1
Nord-Stream-Zentrale.,Nord-Stream-Zentrale.,LOC,0.0,0.0,de,1
Pipeline-Explosion,Pipeline-Explosion,LOC,0.0,0.0,de,1
Blueeul,Blueeul,LOC,0.0,0.0,de,1
Warmes Haus,Warmes Haus,LOC,0.7,0.0,de,1
Energie-Entlastungen,Energie-Entlastungen,LOC,0.7,0.0,de,1
Schweden: Marinechefin,Schweden: Marinechefin,LOC,0.0,0.0,de,1
Mehrfachraketenwerfer,Mehrfachraketenwerfer,LOC,0.0,0.0,de,1
Nord-Stream-Röhren,Nord-Stream-Röhren,LOC,0.0,0.0,de,1
Wirtschaftsminister,Wirtschaftsminister,LOC,0.0,0.0,de,1
Normandie,Normandie,LOC,0.0,0.0,de,1
Ostsee:,Ostsee:,LOC,0.0,1.0,de,1
Nord Stream: Was die Gaslecks,Nord Stream: Was die Gaslecks,LOC,0.0,0.0,de,1
Ukraine: Menschen,Ukraine: Menschen,LOC,0.0,0.0,de,1
Schwarzmeer-Halbinsel Krim,Schwarzmeer-Halbinsel Krim,LOC,0.0,0.0,de,1
V…,V…,LOC,0.0,0.0,de,1
Kertsch-Brücke,Kertsch-Brücke,LOC,0.0,0.0,de,1
Ukrainekrieg: G7-Staaten,Ukrainekrieg: G7-Staaten,LOC,-0.7,0.0,de,1
Energie-Exporten,Energie-Exporten,LOC,0.0,0.0,de,1
Ukraines,Ukraines,LOC,-0.7,0.0,de,1
Riad,Riad,LOC,0.0,0.0,de,1
US-Senator,US-Senator,LOC,0.0,0.0,de,1
Opec-Entscheid,Opec-Entscheid,LOC,0.0,0.0,de,1
Stromexport +++,Stromexport +++,LOC,0.0,0.0,de,1
Ukrainekrieges,Ukrainekrieges,LOC,0.7,0.0,de,1
Mecklenburg-Vorpommern: Erneut,Mecklenburg-Vorpommern: Erneut,LOC,0.7,0.0,de,1
Bundesanwaltschaft.,Bundesanwaltschaft.,LOC,0.0,0.0,de,1
Nord Stream-Pipelines,Nord Stream-Pipelines,LOC,0.0,0.0,de,1
Atomkraftwerks Saporischschja,Atomkraftwerks Saporischschja,LOC,0.0,0.0,de,1
Notstromdiesel,Notstromdiesel,LOC,0.0,0.0,de,1
Kirche: Frieren,Kirche: Frieren,LOC,-1.0,0.0,de,1
Kernkraftwerk,Kernkraftwerk,LOC,0.0,0.0,de,1
Chrupalla,Chrupalla,LOC,-0.35,0.5,de,1
"Deutschland"" +++","Deutschland"" +++",LOC,0.0,0.0,de,1
Moldau.,Moldau.,LOC,0.0,0.0,de,1
Lyman,Lyman,LOC,0.7,0.0,de,1
den Niederlanden,den Niederlanden,LOC,0.0,0.0,de-DE,1
Klima-Leck,Klima-Leck,LOC,0.0,0.0,de,1
Gaskrise: Temperatur,Gaskrise: Temperatur,LOC,0.0,0.0,de,1
Brennholz,Brennholz,LOC,0.7,0.0,de-DE,1
Knappes,Knappes,LOC,0.0,0.0,de,1
Sparfuchs,Sparfuchs,LOC,0.7,0.0,de,1
Preisschilder,Preisschilder,LOC,0.0,1.0,de,1
Ebersberger,Ebersberger,LOC,0.0,0.0,de,1
Ebersberg,Ebersberg,LOC,0.0,0.0,de,1
Butscha,Butscha,LOC,-1.0,0.0,de,1
"Russlands Drohung, Europa","Russlands Drohung, Europa",LOC,0.0,0.0,de,1
Russland?,Russland?,LOC,0.0,0.0,de,1
Brunsbüttel:,Brunsbüttel:,LOC,0.0,0.0,de,1
Milliardenhöhe,Milliardenhöhe,LOC,0.0,0.0,de,1
"Ukraine-Krise: Finanzmärkte, Gas-Abhängigkeiten","Ukraine-Krise: Finanzmärkte, Gas-Abhängigkeiten",LOC,0.0,0.0,de,1
Leyen,Leyen,LOC,0.0,0.0,de,1
Niedersachen,Niedersachen,LOC,0.0,0.0,de-DE,1
Brennelementfabrik Lingen:,Brennelementfabrik Lingen:,LOC,0.0,0.0,de-DE,1
Energie-Umbau.,Energie-Umbau.,LOC,0.0,0.0,de,1
Berliner Regierung,Berliner Regierung,LOC,0.0,0.0,de,1
Deutschlehrer-Info | DW | 21.07.2022.,Deutschlehrer-Info | DW | 21.07.2022.,LOC,0.0,0.0,de,1
Rhein,Rhein,LOC,0.0,1.0,de,1
Nord Stream: - Podcast.,Nord Stream: - Podcast.,LOC,0.0,0.0,de,1
Gasleck,Gasleck,LOC,0.0,0.0,de-DE,1
Drohnensichtungen,Drohnensichtungen,LOC,0.0,0.0,de,1
Nord Stream 1,Nord Stream 1,LOC,0.0,0.0,de,1
Dänemarks,Dänemarks,LOC,0.0,0.0,de,1
Bornholm: »Wir,Bornholm: »Wir,LOC,0.0,0.0,de,1
Nord-Stream-Schäden,Nord-Stream-Schäden,LOC,0.0,0.0,de,1
Salzwasser,Salzwasser,LOC,0.0,0.0,de,1
Nord Stream,Nord Stream,LOC,0.0,0.0,de,1
Produktions-Drosselungen,Produktions-Drosselungen,LOC,0.0,1.0,de,1
dänischen Regierung,dänischen Regierung,LOC,0.0,0.0,de,1
Pipelines.,Pipelines.,LOC,0.0,0.0,de,1
Nord Stream: Kreml,Nord Stream: Kreml,LOC,0.0,0.0,de,1
Baltic Pipe,Baltic Pipe,LOC,0.0,0.0,de,1
Paris/Wien,Paris/Wien,LOC,1.0,0.0,de,1
Gasspeicher-Füllstände,Gasspeicher-Füllstände,LOC,0.7,0.0,de-DE,1
deutschen Bahnnetzes,deutschen Bahnnetzes,LOC,-0.7,0.0,de-DE,1
G7-Gruppe,G7-Gruppe,LOC,0.7,0.0,de,1
Gas-Ziel,Gas-Ziel,LOC,0.0,0.0,de,1
Gasspeicher-Füllstand,Gasspeicher-Füllstand,LOC,0.0,0.0,de,1
Frankfurter Innenstadt,Frankfurter Innenstadt,LOC,-1.0,0.0,de,1
Energodar,Energodar,LOC,0.0,0.0,de,1
"Verteidigungsministern Frankreichs, der Türkei","Verteidigungsministern Frankreichs, der Türkei",LOC,0.0,0.0,de,1
Wasserkraftwerks Kachowka,Wasserkraftwerks Kachowka,LOC,0.0,0.0,de,1
Kachowka,Kachowka,LOC,-1.0,0.0,de,1
Kachowka.,Kachowka.,LOC,0.0,0.0,de,1
VAE,VAE,LOC,0.0,0.0,de,1
Vereinigten Arabischen Emirate.,Vereinigten Arabischen Emirate.,LOC,0.7,0.0,de,1
Emirate,Emirate,LOC,0.0,0.0,de,1
Großhandelskonzern: Metro,Großhandelskonzern: Metro,LOC,0.0,0.0,de,1
Nordstream-Pipeline,Nordstream-Pipeline,LOC,-0.35,0.0,de,1
Nordstream-Sabotage,Nordstream-Sabotage,LOC,0.0,0.0,de,1
Statistischen Bundesamt,Statistischen Bundesamt,LOC,0.0,0.0,de,1
Militärtechnologie,Militärtechnologie,LOC,-1.0,0.0,de,1
russische Präsidialamt,russische Präsidialamt,LOC,0.0,0.0,de,1
Deals,Deals,LOC,0.0,0.0,de,1
G20-Staaten,G20-Staaten,LOC,0.7,0.0,de,1
Drohnen-Angriffe,Drohnen-Angriffe,LOC,0.0,0.0,de,1
Oblast Irkutsk,Oblast Irkutsk,LOC,0.0,0.0,de,1
Geflüchteten.,Geflüchteten.,LOC,0.0,0.0,de,1
Langfristverträge,Langfristverträge,LOC,0.0,0.0,de,1
Kupiansk,Kupiansk,LOC,0.0,0.0,de,1
Anastassia,Anastassia,LOC,0.0,0.0,de,1
Alexanderplatz,Alexanderplatz,LOC,0.0,0.0,de,1
Leipzig/Erfurt/Magdeburg/Schwerin/Wismar.,Leipzig/Erfurt/Magdeburg/Schwerin/Wismar.,LOC,0.0,0.0,de,1
Statistischen Bundesamtes.,Statistischen Bundesamtes.,LOC,0.0,0.0,de,1
Neckar-Odenwald-Kreis: Toter bei Explosion,Neckar-Odenwald-Kreis: Toter bei Explosion,LOC,0.0,0.0,de,1
NnpeO …,NnpeO …,LOC,0.0,0.0,de,1
plek aeteppeu.,plek aeteppeu.,LOC,0.0,0.0,de,1
Pipeline Eastmed.,Pipeline Eastmed.,LOC,0.7,0.0,de,1
gleichnamigen Stadt,gleichnamigen Stadt,LOC,-0.35,0.5,de,1
Ukraine +++ Regierung:,Ukraine +++ Regierung:,LOC,0.0,0.0,de,1
skandalösen,skandalösen,LOC,-1.0,0.0,de,1
Gold- und Devisendiebstahl,Gold- und Devisendiebstahl,LOC,0.0,0.0,de,1
gleichnamigen Regionalhauptstadt,gleichnamigen Regionalhauptstadt,LOC,0.0,0.0,de,1
Russische Behörde,Russische Behörde,LOC,0.0,0.0,de,1
Waffenexporteur,Waffenexporteur,LOC,0.0,0.0,de,1
Flusses D…,Flusses D…,LOC,-0.35,0.5,de,1
Nord Stream 1 Pipeline,Nord Stream 1 Pipeline,LOC,0.7,0.0,de,1
Pipeline,Pipeline,LOC,-0.7,0.0,de,1
weggefallener,weggefallener,LOC,0.0,0.0,de,1
Bornholm.,Bornholm.,LOC,0.0,0.0,de,1
Belarus-Truppen,Belarus-Truppen,LOC,-1.0,0.0,de,1
Butscha +++,Butscha +++,LOC,1.0,0.0,de,1
Washingtoner Hotel Fairmont,Washingtoner Hotel Fairmont,LOC,0.0,0.0,de,1
Bundesbank-Chef,Bundesbank-Chef,LOC,0.0,0.0,de,1
Wolfratshausen.,Wolfratshausen.,LOC,0.0,0.0,de,1
Kasachstan: Putin,Kasachstan: Putin,LOC,0.0,0.0,de,1
Dachauer,Dachauer,LOC,0.7,0.0,de,1
VerschÃ¤rfung,VerschÃ¤rfung,LOC,0.0,0.0,de,1
BÃ¶rsenverluste,BÃ¶rsenverluste,LOC,0.0,0.0,de,1
Rezessionssorgen,Rezessionssorgen,LOC,0.0,0.0,de,1
�RÃ¼ckblick,�RÃ¼ckblick,LOC,0.0,0.0,de,1
Nord Stream 2,Nord Stream 2,LOC,0.0,0.0,de,1
Ludwigshafen.,Ludwigshafen.,LOC,0.0,0.0,de,1
Chemie-Konzern,Chemie-Konzern,LOC,0.0,0.0,de,1
Energiepauschale,Energiepauschale,LOC,0.0,0.0,de,1
Alaska-Seelachs,Alaska-Seelachs,LOC,-1.0,0.0,de,1
PERN,PERN,LOC,0.0,0.0,de,1
Freytags-Frage: Was,Freytags-Frage: Was,LOC,0.0,0.0,de,1
Treibstoff-Einsparungen,Treibstoff-Einsparungen,LOC,0.0,0.0,de,1
Ukraine-News: ++ Russe,Ukraine-News: ++ Russe,LOC,0.0,0.0,de,1
Paris: Stresstest.,Paris: Stresstest.,LOC,0.0,0.0,de,1
Nachbarhauses,Nachbarhauses,LOC,-0.7,0.0,de,1
Europa:,Europa:,LOC,0.0,0.0,de,1
Energiedebatte,Energiedebatte,LOC,0.0,0.0,de,1
Gfanz,Gfanz,LOC,0.0,0.0,de,1
Netto-Null-Allianz,Netto-Null-Allianz,LOC,0.0,0.0,de,1
Erdgas-Ersatz,Erdgas-Ersatz,LOC,0.0,0.0,de,1
Kohlekraftwerk Jänschwalde: Alle Blöcke,Kohlekraftwerk Jänschwalde: Alle Blöcke,LOC,0.0,0.0,de,1
"Sozialproteste: ""Genug","Sozialproteste: ""Genug",LOC,0.7,0.0,de,1
Grünenchefin,Grünenchefin,LOC,0.0,0.0,de,1
Ukraine-Russland-News am Sonntag:,Ukraine-Russland-News am Sonntag:,LOC,-1.0,0.0,de,1
Chemietarifrunde,Chemietarifrunde,LOC,0.0,0.0,de,1
"Energiepreiskrise: Demos in Leipzig, Potsdam","Energiepreiskrise: Demos in Leipzig, Potsdam",LOC,0.0,0.0,de,1
Ukraine: Stromversorgung,Ukraine: Stromversorgung,LOC,0.0,0.0,de,1
Füllstands,Füllstands,LOC,0.0,0.0,de,1
Isjum i…,Isjum i…,LOC,0.0,0.0,de,1
Isjum,Isjum,LOC,0.0,0.0,de,1
Kaufbeuren: Explosion in Industriebetrieb,Kaufbeuren: Explosion in Industriebetrieb,LOC,0.0,0.0,de,1
Landschaftsbilder,Landschaftsbilder,LOC,0.0,0.0,de,1
Chisi…,Chisi…,LOC,0.0,0.0,de,1
Route du Rhum,Route du Rhum,LOC,0.0,0.0,de,1
Honorarkonsuln,Honorarkonsuln,LOC,0.0,0.0,de,1
Minderjährigen.,Minderjährigen.,LOC,-1.0,0.0,de,1
Bali:,Bali:,LOC,0.0,0.0,de,1
Wilhelmshaven: Deutschlands,Wilhelmshaven: Deutschlands,LOC,-1.0,0.0,de,1
Wismar…,Wismar…,LOC,0.0,1.0,de,1
Virginia: Tödliche Schüsse,Virginia: Tödliche Schüsse,LOC,0.0,0.0,de,1
Portal Heizöl24,Portal Heizöl24,LOC,0.0,0.0,de,1
Ärmelkanal.,Ärmelkanal.,LOC,0.0,0.0,de,1
Solardächern,Solardächern,LOC,0.0,1.0,de,1
Frankreichs Regierung,Frankreichs Regierung,LOC,0.0,1.0,de,1
"Schnee-Skibrille Markt 2022
","Schnee-Skibrille Markt 2022
",LOC,0.0,0.0,de,1
Schnee-Skibrille Markt,Schnee-Skibrille Markt,LOC,0.0,0.0,de,1
türkischen Regierung,türkischen Regierung,LOC,0.0,0.0,de,1
Salzburgs,Salzburgs,LOC,0.0,0.0,de,1
Straßwalchen,Straßwalchen,LOC,0.0,0.0,de,1
Rangeln,Rangeln,LOC,0.0,0.0,de,1
Teures,Teures,LOC,0.0,0.0,de,1
Segeln: Route du Rhum,Segeln: Route du Rhum,LOC,0.0,0.0,de,1
Transatlantik-Regatta Route du Rhum,Transatlantik-Regatta Route du Rhum,LOC,0.0,0.0,de,1
Kiew +++,Kiew +++,LOC,0.0,0.0,de,1
Saint-Malo,Saint-Malo,LOC,-0.7,0.0,de,1
Nato-Territorium,Nato-Territorium,LOC,0.0,0.0,de,1
Indonesien: Die Abschlusserklärung,Indonesien: Die Abschlusserklärung,LOC,0.0,0.0,de,1
polnische Regierung,polnische Regierung,LOC,0.7,0.0,de,1
Ukraine-Liveticker: Biden,Ukraine-Liveticker: Biden,LOC,0.0,0.0,de,1
Ukraine-Liveticker: Bundeskanzler,Ukraine-Liveticker: Bundeskanzler,LOC,1.0,0.0,de,1
SH,SH,LOC,0.7,0.0,de,1
Sergeji Lawrow,Sergeji Lawrow,LOC,0.0,0.0,de,1
Umgebaute,Umgebaute,LOC,0.0,0.0,de,1
Online-Vorlesungen,Online-Vorlesungen,LOC,0.0,0.0,de,1
Erdgasspeicher,Erdgasspeicher,LOC,0.0,1.0,de,1
Großbritannien: Sunak,Großbritannien: Sunak,LOC,0.7,0.0,de,1
Weltskiverband,Weltskiverband,LOC,0.0,0.0,de,1
Ägypten.,Ägypten.,LOC,-1.0,0.0,de,1
G-20-Gipfels.,G-20-Gipfels.,LOC,0.0,0.0,de,1
Riester-Fondssparplänen,Riester-Fondssparplänen,LOC,1.0,0.0,de,1
Windpark Hywind Tampen,Windpark Hywind Tampen,LOC,0.0,0.0,de,1
Guadeloupe,Guadeloupe,LOC,-0.7,0.0,de,1
Kobani,Kobani,LOC,0.0,0.0,de,1
Bali: Zerstrittene Welt,Bali: Zerstrittene Welt,LOC,0.0,0.0,de,1
Identitätsfälschungen,Identitätsfälschungen,LOC,-0.7,0.0,de,1
Türkei: Verdächtiger,Türkei: Verdächtiger,LOC,0.0,0.0,de,1
Kambodscha,Kambodscha,LOC,0.0,0.0,de,1
Gipfeln,Gipfeln,LOC,0.7,0.0,de,1
Cherso…,Cherso…,LOC,0.0,0.0,de,1
Uckermark: Suche,Uckermark: Suche,LOC,0.0,0.0,de,1
Gazprom-Tochter.,Gazprom-Tochter.,LOC,0.0,0.0,de,1
Lithium.,Lithium.,LOC,0.7,0.0,de,1
Atacama-Salzwüste,Atacama-Salzwüste,LOC,0.7,0.0,de,1
Atacama-Wüste,Atacama-Wüste,LOC,0.7,0.0,de,1
Lithium-Abbau,Lithium-Abbau,LOC,0.7,0.0,de,1
E-Auto-Batterien,E-Auto-Batterien,LOC,0.0,0.0,de,1
Uckermark: Mutmaßliche Explosion,Uckermark: Mutmaßliche Explosion,LOC,0.0,0.0,de,1
Dnjepr,Dnjepr,LOC,0.0,0.0,de,1
Dnepr,Dnepr,LOC,0.0,0.0,de,1
Cherson?,Cherson?,LOC,0.0,0.0,de,1
Ukraine: Was,Ukraine: Was,LOC,0.0,0.0,de,1
Ukraine: Wie ein Augenzeuge Russlands,Ukraine: Wie ein Augenzeuge Russlands,LOC,-1.0,0.0,de,1
Usedom,Usedom,LOC,-0.25,0.0,de,1
Braunkohletagebau Garzweiler,Braunkohletagebau Garzweiler,LOC,0.0,1.0,de,1
Rheinland,Rheinland,LOC,0.0,1.0,de,1
Nordrhein-Westfalen.,Nordrhein-Westfalen.,LOC,0.0,0.0,de,1
Istanbul: Videos,Istanbul: Videos,LOC,0.0,0.0,de,1
Istanbuls,Istanbuls,LOC,-1.0,0.0,de,1
Verdächtiger,Verdächtiger,LOC,0.0,0.0,de,1
Ukraine: »Die Menschen laufen mit Freudentränen,Ukraine: »Die Menschen laufen mit Freudentränen,LOC,0.0,0.0,de,1
Terror.,Terror.,LOC,0.0,0.0,de,1
Erdogan,Erdogan,LOC,0.0,0.0,de,1
Pleitewelle.,Pleitewelle.,LOC,-1.0,0.0,de,1
Autozulieferern,Autozulieferern,LOC,-1.0,0.0,de,1
Istanbul: Recep,Istanbul: Recep,LOC,0.0,0.0,de,1
Tagebau Garzweiler II,Tagebau Garzweiler II,LOC,0.0,0.0,de,1
Explosionen: Gouverneur: Vier Tote nach Explosion,Explosionen: Gouverneur: Vier Tote nach Explosion,LOC,0.0,0.0,de,1
Istanbul:,Istanbul:,LOC,0.0,0.0,de,1
Türkei: Explosion,Türkei: Explosion,LOC,0.0,0.0,de,1
İstiklal,İstiklal,LOC,-0.7,0.0,de,1
Milliardenhöhe.,Milliardenhöhe.,LOC,0.0,0.0,de,1
Amberg: Ladendieb,Amberg: Ladendieb,LOC,0.0,0.0,de,1
Essen: Katze,Essen: Katze,LOC,1.0,0.0,de,1
Nato-Mitglieds Polen,Nato-Mitglieds Polen,LOC,-1.0,0.0,de,1
Dortmunder Innenstadt,Dortmunder Innenstadt,LOC,0.0,0.0,de,1
Brustkrebs-Medikament,Brustkrebs-Medikament,LOC,0.0,1.0,de,1
Redaktionsräume.,Redaktionsräume.,LOC,0.0,0.0,de,1
OWL:,OWL:,LOC,-0.7,0.0,de,1
"NRW  zeit.de
</li><li>","NRW  zeit.de
</li><li>",LOC,-0.7,0.0,de,1
Münsterland  RP,Münsterland  RP,LOC,-0.7,0.0,de,1
RP,RP,LOC,0.0,0.0,de,1
Münsterland,Münsterland,LOC,0.0,0.0,de,1
London: Russische Truppen,London: Russische Truppen,LOC,0.0,0.0,de,1
Kriegsstudien,Kriegsstudien,LOC,0.35,0.5,de,1
"Fürstenfeldbruck: ""Ganzjahresreifen","Fürstenfeldbruck: ""Ganzjahresreifen",LOC,0.0,0.0,de,1
Russland: »Ich,Russland: »Ich,LOC,0.0,0.0,de,1
LNG-Importen,LNG-Importen,LOC,0.0,0.0,de,1
Thüringen.,Thüringen.,LOC,0.0,0.0,de,1
Wetter: Frost und Schnee,Wetter: Frost und Schnee,LOC,0.0,0.0,de,1
Stockholm.,Stockholm.,LOC,0.0,0.0,de,1
Basketballerin,Basketballerin,LOC,1.0,0.0,de,1
VBUI-lutulOelluueu,VBUI-lutulOelluueu,LOC,0.0,0.0,de,1
Nato-Hauptquartier,Nato-Hauptquartier,LOC,0.0,0.0,de,1
Pazifiks,Pazifiks,LOC,0.0,0.0,de,1
Wunden,Wunden,LOC,0.0,0.0,de,1
Rabbinerhaus,Rabbinerhaus,LOC,0.0,0.0,de,1
Reul,Reul,LOC,0.0,0.0,de,1
US-Bundesstaat,US-Bundesstaat,LOC,0.0,0.0,de,1
Kremltruppen,Kremltruppen,LOC,0.0,0.0,de,1
Vereinigte Köngreich,Vereinigte Köngreich,LOC,0.0,0.0,de,1
Institute for the Study of War,Institute for the Study of War,LOC,0.0,0.0,de,1
Ex-Botschafter Melnyk,Ex-Botschafter Melnyk,LOC,0.0,0.0,de,1
"Straße der Energiearbeiter, Hausnummer","Straße der Energiearbeiter, Hausnummer",LOC,0.0,0.0,de,1
Landkreises Erie County,Landkreises Erie County,LOC,0.0,0.0,de,1
Landkreise,Landkreise,LOC,0.0,0.0,de,1
Heftiger Schneesturm,Heftiger Schneesturm,LOC,0.0,0.0,de,1
Rabbinerhauses,Rabbinerhauses,LOC,0.0,0.0,de,1
Nieser,Nieser,LOC,-1.0,0.0,de,1
Synagoge.,Synagoge.,LOC,-0.7,0.0,de,1
Gasspeicher-Front,Gasspeicher-Front,LOC,0.0,0.0,de,1
Hellabrunn,Hellabrunn,LOC,0.0,0.0,de,1
Zoo: Wie die Tiere,Zoo: Wie die Tiere,LOC,0.0,0.0,de,1
Rothenburg ob der Tauber: Krankenhauspatient aus Kälte,Rothenburg ob der Tauber: Krankenhauspatient aus Kälte,LOC,0.0,0.0,de,1
Tandem-Solarzellen,Tandem-Solarzellen,LOC,0.0,1.0,de,1
Apec,Apec,LOC,0.0,0.0,de,1
AKW Saporischschja ++,AKW Saporischschja ++,LOC,0.0,0.0,de,1
Artemis,Artemis,LOC,0.0,0.0,de,1
Telefon-Aktion,Telefon-Aktion,LOC,0.7,0.0,de,1
Bornheim,Bornheim,LOC,0.0,0.0,de,1
Vogtlandkreis,Vogtlandkreis,LOC,0.0,0.0,de,1
Zeit der «Great Moderation»,Zeit der «Great Moderation»,LOC,0.0,0.0,de,1
Argentinier,Argentinier,LOC,0.0,0.3333333333333333,de,1
Raketen-Kampagne,Raketen-Kampagne,LOC,0.0,0.0,de,1
Ukraine+++.,Ukraine+++.,LOC,0.0,0.0,de,1
Polizeibusse,Polizeibusse,LOC,0.0,1.0,de,1
Spot-Preise,Spot-Preise,LOC,0.0,0.0,de,1
Europäer,Europäer,LOC,-0.35,0.5,de,1
Energiepreise:,Energiepreise:,LOC,0.0,0.0,de,1
Ukraine: Deutschlands,Ukraine: Deutschlands,LOC,0.0,0.0,de,1
Fulda:,Fulda:,LOC,0.0,0.0,de,1
Slowakei.,Slowakei.,LOC,0.0,0.0,de,1
Tschinarak.,Tschinarak.,LOC,0.7,0.0,de,1
Afghanistans,Afghanistans,LOC,0.7,0.0,de,1
Kabul.,Kabul.,LOC,0.0,0.0,de,1
Afghanistan.,Afghanistan.,LOC,-0.7,0.0,de,1
Austria am Donnerstag,Austria am Donnerstag,LOC,0.0,0.0,de,1
Teuerungswelle err…,Teuerungswelle err…,LOC,0.0,0.0,de,1
Finanzsorgen,Finanzsorgen,LOC,0.0,0.0,de,1
Mordowien,Mordowien,LOC,0.0,0.0,de,1
Waldviertel.,Waldviertel.,LOC,1.0,0.0,de,1
Befestigungsarbeiten,Befestigungsarbeiten,LOC,0.0,0.0,de,1
Mariupol,Mariupol,LOC,1.0,0.0,de,1
Stahlwerk Asowstal,Stahlwerk Asowstal,LOC,1.0,0.0,de,1
Silvesterfeiern,Silvesterfeiern,LOC,0.0,0.0,de,1
Zentra…,Zentra…,LOC,0.0,0.0,de,1
Detroit,Detroit,LOC,0.0,0.0,de,1
US-Bürgerin,US-Bürgerin,LOC,0.0,0.0,de,1
Schneefallgebiet,Schneefallgebiet,LOC,0.0,0.0,de,1
Eis-zapfen,Eis-zapfen,LOC,0.0,0.0,de,1
Nordirland,Nordirland,LOC,0.85,0.0,de,1
Wettervorhersage: Schnee im Harz,Wettervorhersage: Schnee im Harz,LOC,0.0,0.0,de,1
Immobilienpreise,Immobilienpreise,LOC,0.0,0.0,de,1
Einkommensfünftel,Einkommensfünftel,LOC,0.0,0.0,de,1
Potsdam,Potsdam,LOC,0.7,0.0,de,1
Region Ch…,Region Ch…,LOC,0.0,0.0,de,1
Rügen,Rügen,LOC,-0.25,0.0,de,1
Gas-Dorf,Gas-Dorf,LOC,0.0,0.0,de,1
Lubmin:,Lubmin:,LOC,0.0,0.0,de,1
Poinger Schul…,Poinger Schul…,LOC,0.0,0.0,de,1
Weißes Haus,Weißes Haus,LOC,0.0,0.0,de,1
Wintertourismus: Wenn guter Schnee,Wintertourismus: Wenn guter Schnee,LOC,1.0,0.0,de,1
Russland-USA: Wladimir-Putin-»Koch«,Russland-USA: Wladimir-Putin-»Koch«,LOC,0.0,0.0,de,1
Kap von der Kohle,Kap von der Kohle,LOC,0.0,0.0,de,1
Fürstenfeldbruck: Homeoffice,Fürstenfeldbruck: Homeoffice,LOC,0.0,0.0,de,1
Hochfilzen?,Hochfilzen?,LOC,0.0,0.0,de,1
Freude,Freude,LOC,0.0,1.0,de,1
ul><li>17:56,ul><li>17:56,LOC,0.7,0.0,de,1
Live-Ticker.,Live-Ticker.,LOC,0.0,0.0,de,1
Ukrainische Regierung,Ukrainische Regierung,LOC,0.0,0.0,de,1
Hause,Hause,LOC,0.0,0.0,de,1
Temperaturklassen,Temperaturklassen,LOC,0.0,0.0,de,1
Energiespargründen,Energiespargründen,LOC,0.0,0.0,de,1
Tonnenpreis,Tonnenpreis,LOC,0.0,0.0,de,1
Pelletspreisen,Pelletspreisen,LOC,0.0,0.0,de,1
Asowsche Meer,Asowsche Meer,LOC,0.0,0.0,de,1
Saporischja,Saporischja,LOC,0.0,0.0,de,1
Milliardenausgaben,Milliardenausgaben,LOC,-0.7,0.0,de,1
K…,K…,LOC,-0.7,0.0,de,1
Weltwetterorganisation,Weltwetterorganisation,LOC,0.0,0.0,de,1
Mond,Mond,LOC,1.0,0.0,de,1
Eigenheim,Eigenheim,LOC,0.7,0.0,de,1
Kohlenhändler,Kohlenhändler,LOC,0.0,0.0,de,1
Klimaschutzplänen,Klimaschutzplänen,LOC,-1.0,0.0,de,1
Kernkraftwerk Civaux,Kernkraftwerk Civaux,LOC,0.0,0.0,de,1
Kernkraftwerks Civaux,Kernkraftwerks Civaux,LOC,0.0,0.0,de,1
WEB.DE News.,WEB.DE News.,LOC,0.0,0.0,de,1
Bundesbankpräsident,Bundesbankpräsident,LOC,0.0,0.0,de,1
Shanghai,Shanghai,LOC,-1.0,0.0,de,1
Tiflis,Tiflis,LOC,0.0,0.0,de,1
Arbeitsplatz,Arbeitsplatz,LOC,0.0,0.0,de,1
Front-Durchbrüche vor</li><…,Front-Durchbrüche vor</li><…,LOC,0.0,0.0,de,1
Ukraine-Update.,Ukraine-Update.,LOC,0.0,0.0,de,1
Wallrings,Wallrings,LOC,0.7,0.0,de,1
City,City,LOC,0.7,0.0,de,1
Ruhrgebiets.,Ruhrgebiets.,LOC,0.0,0.0,de,1
Georgiens,Georgiens,LOC,0.0,0.0,de,1
Ukraine-Überblick: Scholz,Ukraine-Überblick: Scholz,LOC,0.7,0.0,de,1
"Cherson  WEB.DE News
</li><li>","Cherson  WEB.DE News
</li><li>",LOC,0.0,0.0,de,1
Stendal,Stendal,LOC,-1.0,0.0,de,1
Kachowka-Staudamms,Kachowka-Staudamms,LOC,0.0,0.0,de,1
Ukraine-Krieg: Iran,Ukraine-Krieg: Iran,LOC,0.0,0.0,de,1
Slowjansk,Slowjansk,LOC,0.0,0.0,de,1
leerstehendem,leerstehendem,LOC,0.0,0.0,de,1
Jüchen,Jüchen,LOC,-1.0,0.0,de,1
Grevenbroich,Grevenbroich,LOC,-1.0,0.0,de,1
Nordamerika,Nordamerika,LOC,0.7,0.0,de,1
Iange,Iange,LOC,-0.5,0.5,de,1
Benzin,Benzin,LOC,0.0,0.0,de,1
Oligarchen-Vermögen,Oligarchen-Vermögen,LOC,0.7,0.0,de,1
Ukraine-News am Samstag:,Ukraine-News am Samstag:,LOC,0.0,0.0,de,1
Mützenich,Mützenich,LOC,0.0,0.0,de,1
Industrie-Russ,Industrie-Russ,LOC,0.0,0.0,de,1
Rillennägel,Rillennägel,LOC,0.0,0.0,de,1
Palettenmarkt,Palettenmarkt,LOC,0.0,0.0,de,1
Tbilissi,Tbilissi,LOC,0.7,0.0,de,1
Gaspreisbremse:,Gaspreisbremse:,LOC,0.0,0.0,de,1
Dachau.,Dachau.,LOC,0.0,0.0,de,1
Gaskondensat: Deutscher Gaskonzern: Wintershall,Gaskondensat: Deutscher Gaskonzern: Wintershall,LOC,0.0,0.0,de,1
Winter-Vorboten,Winter-Vorboten,LOC,0.0,0.0,de,1
Schnee,Schnee,LOC,0.0,0.0,de,1
Sekundärdrohungen,Sekundärdrohungen,LOC,0.0,0.0,de,1
Grüntal,Grüntal,LOC,1.0,0.0,de,1
Gastronom,Gastronom,LOC,-1.0,0.0,de,1
Coburg,Coburg,LOC,-1.0,0.0,de,1
Wetter: Brocken,Wetter: Brocken,LOC,-0.7,0.0,de,1
Scharm el Scheich,Scharm el Scheich,LOC,0.0,0.0,de,1
Kopalino,Kopalino,LOC,0.0,0.0,de,1
Lubiatowo,Lubiatowo,LOC,0.0,0.0,de,1
ukrainischen Regierung,ukrainischen Regierung,LOC,0.0,0.0,de,1
Süddeutschland.,Süddeutschland.,LOC,0.0,0.0,de,1
milder,milder,LOC,0.0,0.0,de,1
Ukraine-Krieg: Schmaler,Ukraine-Krieg: Schmaler,LOC,0.0,0.0,de,1
Städtische Sauna-Betreiber,Städtische Sauna-Betreiber,LOC,0.0,0.0,de,1
Kölner Innenstadt,Kölner Innenstadt,LOC,0.0,1.0,de,1
Adam-Malysz-Schanze,Adam-Malysz-Schanze,LOC,0.0,0.0,de,1
Wisła,Wisła,LOC,0.0,0.0,de,1
Berlin-Kreuzberg,Berlin-Kreuzberg,LOC,0.7,0.0,de,1
Pleite-Risiko,Pleite-Risiko,LOC,0.7,0.0,de,1
Alexandroupoli,Alexandroupoli,LOC,0.0,0.0,de,1
Russland: Frauen von Reservisten,Russland: Frauen von Reservisten,LOC,0.0,0.0,de,1
Worbis,Worbis,LOC,0.0,0.0,de,1
Scharm el Scheich.,Scharm el Scheich.,LOC,0.0,0.0,de,1
Klimaabgabe,Klimaabgabe,LOC,0.0,0.0,de,1
Umwelt:,Umwelt:,LOC,0.0,0.0,de,1
Garten,Garten,LOC,0.0,0.0,de,1
Verschmutzer,Verschmutzer,LOC,0.0,0.0,de,1
Harburg,Harburg,LOC,0.0,0.0,de,1
Cop27,Cop27,LOC,-0.7,0.0,de,1
Erdgaspläne,Erdgaspläne,LOC,0.0,0.0,de,1
Gas-Pläne,Gas-Pläne,LOC,0.0,0.0,de,1
Bali.,Bali.,LOC,0.0,0.0,de,1
Weihnachtsausgaben,Weihnachtsausgaben,LOC,0.0,0.0,de,1
Region Mykolajiw,Region Mykolajiw,LOC,0.0,0.0,de,1
Stadt O…,Stadt O…,LOC,0.0,0.0,de,1
Dnipro-Ufer,Dnipro-Ufer,LOC,0.7,0.0,de,1
Russen-Abzug,Russen-Abzug,LOC,0.0,0.0,de,1
Agri-Photovoltaik.,Agri-Photovoltaik.,LOC,1.0,0.0,de,1
ul><li>19:56,ul><li>19:56,LOC,-0.7,0.0,de,1
Levi:,Levi:,LOC,0.7,0.0,de,1
Ägypten:,Ägypten:,LOC,-1.0,0.0,de,1
Ökolügen,Ökolügen,LOC,-1.0,0.0,de,1
"Russland: ""Danke für die Wahrheit""","Russland: ""Danke für die Wahrheit""",LOC,0.0,0.0,de,1
"Moskau: ""Transfer"" abgeschlossen:","Moskau: ""Transfer"" abgeschlossen:",LOC,0.7,0.0,de,1
Ukraine-Liveblog: Jubel,Ukraine-Liveblog: Jubel,LOC,0.0,0.0,de,1
Neckarwestheim,Neckarwestheim,LOC,0.0,0.0,de,1
Konferenzwoche,Konferenzwoche,LOC,0.0,0.3,de,1
China?,China?,LOC,0.0,0.0,de,1
Zehn-Prozent-Marke.,Zehn-Prozent-Marke.,LOC,0.0,0.0,de,1
Artillerie-Munition,Artillerie-Munition,LOC,1.0,0.0,de,1
Männerwohnheim,Männerwohnheim,LOC,-1.0,0.0,de,1
Wolfratshauser,Wolfratshauser,LOC,0.0,0.0,de,1
Trümmerberge,Trümmerberge,LOC,-1.0,0.0,de,1
Verformte,Verformte,LOC,-1.0,0.0,de,1
Wohnheim,Wohnheim,LOC,0.0,0.0,de,1
Hamburg-Stellingen: Explosion in,Hamburg-Stellingen: Explosion in,LOC,0.0,0.0,de,1
Bergen.,Bergen.,LOC,0.0,0.0,de,1
Cherson +++ Moskau,Cherson +++ Moskau,LOC,-0.15000000000000002,0.0,de,1
Ukrainische Truppen,Ukrainische Truppen,LOC,-0.15000000000000002,0.0,de,1
Live-Ticker: Unionsfraktionsvize: Rückzug,Live-Ticker: Unionsfraktionsvize: Rückzug,LOC,0.0,0.0,de,1
Russland Verschle…,Russland Verschle…,LOC,-0.7,0.0,de,1
griechische Regierung,griechische Regierung,LOC,0.0,0.0,de,1
Cherson</li><li>15:33,Cherson</li><li>15:33,LOC,-0.7,0.0,de,1
Minisolaranlagen,Minisolaranlagen,LOC,0.7,0.0,de,1
Schwerin,Schwerin,LOC,0.0,0.0,de,1
Ersatzstaumauer Spitallamm am Grimsel,Ersatzstaumauer Spitallamm am Grimsel,LOC,0.0,0.0,de,1
BerlinDer Vermieteranteil,BerlinDer Vermieteranteil,LOC,0.0,0.0,de,1
Kohlendioxid-Abgabe,Kohlendioxid-Abgabe,LOC,0.0,0.0,de,1
Straßenbahnen,Straßenbahnen,LOC,0.0,0.0,de,1
el-Scheich.</li><li>,el-Scheich.</li><li>,LOC,0.0,0.0,de,1
"Donezk, Saporischsc…","Donezk, Saporischsc…",LOC,0.0,0.0,de,1
Dienstag:,Dienstag:,LOC,0.0,0.0,de,1
Bibber-Zoff,Bibber-Zoff,LOC,1.0,0.0,de,1
Parkowka-Straße,Parkowka-Straße,LOC,0.0,0.0,de,1
Mykolajiw.,Mykolajiw.,LOC,0.0,0.0,de,1
Ukraine: Mykolajiw: So,Ukraine: Mykolajiw: So,LOC,0.0,0.0,de,1
moldauischen Hauptstadt,moldauischen Hauptstadt,LOC,-0.7,0.0,de,1
Neu Dehli,Neu Dehli,LOC,1.0,0.0,de,1
Alexandroupoli.,Alexandroupoli.,LOC,0.0,0.0,de,1
Hafens,Hafens,LOC,0.0,0.0,de,1
ul><li>09:33,ul><li>09:33,LOC,-1.0,0.0,de,1
Milliarden-Entlastungen,Milliarden-Entlastungen,LOC,0.0,0.0,de,1
Lui Knoll.</em,Lui Knoll.</em,LOC,0.0,0.0,de,1
houueu,houueu,LOC,0.0,0.0,de,1
ussland,ussland,LOC,-0.7,0.0,de,1
ul><li>16:26,ul><li>16:26,LOC,-0.7,0.0,de,1
Region Cherson,Region Cherson,LOC,0.0,0.0,de,1
Getrennte Staaten von Amerika.,Getrennte Staaten von Amerika.,LOC,0.0,0.0,de,1
Kärntner,Kärntner,LOC,1.0,0.0,de,1
Gilching:,Gilching:,LOC,0.0,0.0,de,1
Drohnen-Lieferungen:,Drohnen-Lieferungen:,LOC,0.0,0.0,de,1
Vtllhe ZetOeuplel:,Vtllhe ZetOeuplel:,LOC,0.0,0.0,de,1
Kriegsgebiet  ,Kriegsgebiet  ,LOC,-1.0,0.0,de,1
Ifo: Inflations-Entlastungen,Ifo: Inflations-Entlastungen,LOC,0.0,0.0,de,1
Cherson an</li><li>,Cherson an</li><li>,LOC,0.0,0.0,de,1
SPIEGEL-Informationen,SPIEGEL-Informationen,LOC,0.0,0.0,de,1
Eisenstadt,Eisenstadt,LOC,0.0,0.0,de,1
Burgenland,Burgenland,LOC,0.0,0.0,de,1
Kriegsgebiet</li><li>09:33,Kriegsgebiet</li><li>09:33,LOC,-1.0,0.0,de,1
"Ostukraine  t-online
</li><li>","Ostukraine  t-online
</li><li>",LOC,-1.0,0.0,de,1
"Bali
","Bali
",LOC,0.0,0.0,de,1
